status;garnly_produkt;garnly_variant;strikkefryd_farge;ean;sf_lager
EKSAKT;Alva;334 Light Blush;334 Light Blush;5709673005064;21
EKSAKT;Alva;370 Flamingo;370 Flamingo;5709673005125;19
EKSAKT;Alva;361 Madeira Rose;361 Madeira Rose;5709673005095;7
EKSAKT;Alva;225 Christmas Red;225 Christmas Red;5709673004999;13
EKSAKT;Alva;245 Bordeaux;245 Bordeaux;5709673005002;27
EKSAKT;Alva;369 Slightly Purple;369 Slightly Purple;5709673005118;11
EKSAKT;Alva;145 Navy Blue;145 Navy Blue;5709673004951;16
EKSAKT;Alva;337 Bright Cobalt;337 Bright Cobalt;5709673005071;20
EKSAKT;Alva;142 Periwinkle;142 Periwinkle;5709673004944;20
EKSAKT;Alva;281 Rime Frost;281 Rime Frost;5709673005026;14
EKSAKT;Alva;377 Blue Mist;377 Blue mist;5709673005583;12
EKSAKT;Alva;368 Eucalyptus;368 Eucalyptus;5709673005101;25
EKSAKT;Alva;147 Hunter Green;147 Hunter Green;5709673004968;14
EKSAKT;Alva;355 Green Tea;355 Green Tea;5709673005088;8
EKSAKT;Alva;374 Lemon Curd;374 Lemon Curd;5709673005354;10
EKSAKT;Alva;285 Curry;285 Curry;5709673005040;12
EKSAKT;Alva;827 Dijon (melange);827 Dijon melange;5709673005187;9
EKSAKT;Alva;409 Espresso (melange);409 Espresso melange;5709673005170;12
EKSAKT;Alva;302 Coffee Bean (melange);302 Cofffee Bean;5709673005057;8
EKSAKT;Alva;976 Taupe (melange);976 Taupe;5709673005194;7
EKSAKT;Alva;112 Truffle;112 Truffle;5709673005576;10
EKSAKT;Alva;979 Pebbles (melange);979 Pebbles melange;5709673005217;27
EKSAKT;Alva;208 Cardamom (melange);208 Cardamom melange;5709673004982;19
EKSAKT;Alva;207 Desert Sand (melange);207 Desert Sand melange;5709673004975;8
EKSAKT;Alva;977 Marzipan (melange);977 Marzipan Melange;5709673005200;25
EKSAKT;Alva;101 Natural White;101 Natural White;5709673004920;9
EKSAKT;Alva;401 Light Grey (melange);401 Light grey;5709673005149;15
EKSAKT;Alva;402 Medium Grey (melange);402 Medium grey;5709673005156;19
EKSAKT;Alva;404 Charcoal (melange);404 Charcoal melange;5709673005163;22
EKSAKT;Alva;102 Black;102 Black;5709673004937;13
EKSAKT;Merinoull;1001 optisk hvit;1001 Optisk hvit;7039560690591;44
EKSAKT;Merinoull;1002 hvit;1002 Hvit;7039560690010;16
EKSAKT;Merinoull;1015 kitt;1015 Kitt;7039560690263;20
EKSAKT;Merinoull;1042 gramelert;1042 Gråmelert;7039560690355;16
EKSAKT;Merinoull;1099 svart;1099 Sort;7039560690119;22
EKSAKT;Merinoull;2550 lys eikenott;2550 Lys eikenøtt;7039560690706;11
EKSAKT;Merinoull;3161 eikenott;3161 Mellombrun;7039560690072;27
EKSAKT;Merinoull;3511 pudder rosa;3511 Pudderrosa;7039560690256;14
EKSAKT;Merinoull;4219 rod;4219 Rød;7039560690089;18
EKSAKT;Merinoull;4622 lys lyng;4622 Lys Lyng;7039560690294;20
EKSAKT;Merinoull;4645 lyng;4645 Lyng;7039560690300;15
EKSAKT;Merinoull;4715 rosa;4715 Rosa;7039560690478;12
EKSAKT;Merinoull;5575 marine;5575 Marine;7039560690096;22
EKSAKT;Merinoull;5846 bla;5846 Blå;7039560690577;21
EKSAKT;Merinoull;6052 jeansbla;6052 Jeansblå;7039560690195;24
EKSAKT;Merinoull;6062 mork bla;6062 Mørk Blå;7039560690621;17
EKSAKT;Merinoull;7572 petrolium;7572 Petroleum;7039560690324;16
EKSAKT;Merinoull;7741 stovet petrol;7741 Støvet Petrol;7039560690188;25
EKSAKT;Merinoull;8521 stovet lys gronn;8521 Dusty Light Green;7039560690676;25
EKSAKT;Merinoull;8581 dyp skoggronn;8581 Dyp skoggrønn;7039560690720;29
EKSAKT;Merinoull;6032 bla hortensia;6032 Blå Hortensia;7039560690737;16
EKSAKT;Merinoull;9062 olivengronn;9062 Olivengrønn;7039560690751;17
EKSAKT;Merinoull;2321 marsipan;2321 Marsipan;7039560690805;20
EKSAKT;Merinoull;4628 magenta;4628 Magenta;7039560690850;10
EKSAKT;Merinoull;5845 dazzling blue;5845 Dazzling Blue;7039560690904;28
EKSAKT;Merinoull;9564 matcha;9564 Matcha;7039560690928;17
EKSAKT;Merinoull;4372 dyp burgunder;4372 Dyp Burgunder;7039560690911;16
EKSAKT;Merinoull;3081 dark brown;3081 KlompeLOMPE Mørk Brun;7039560740043;20
EKSAKT;Merinoull;4344 dry rose;4344 KlompeLOMPE Mørk Pudderrosa;7039560740067;33
EKSAKT;Merinoull;2650 beige melange;2650 KlompeLOMPE Beigemelert;7039560740821;18
EKSAKT;Merinoull;4032 misty rose;4032 KlompeLOMPE Pudderrosa;7039560740050;19
EKSAKT;Mini Alpakka;1001 hvit;1001 True White;7039560260213;9
EKSAKT;Mini Alpakka;1012 natur;1012 Natur;7039560260015;8
EKSAKT;Mini Alpakka;1015 kitt;1015 Kitt;7039560260787;10
EKSAKT;Mini Alpakka;1032 lys gramelert;1032 Lys gråmelert;7039560260398;25
EKSAKT;Mini Alpakka;1042 gramelert;1042 Gråmelert;7039560260107;25
EKSAKT;Mini Alpakka;1099 svart;1099 Sort;7039560260121;22
EKSAKT;Mini Alpakka;2321 marsipan;2321 Marsipan;7039560261289;10
EKSAKT;Mini Alpakka;2650 grabeige melert;2650 Gråbeige melert;7039560260381;13
EKSAKT;Mini Alpakka;2652 mellombrun melert;2652 Mellombrun melert;7039560260411;11
EKSAKT;Mini Alpakka;4219 rod;4219 Rød;7039560260091;31
EKSAKT;Mini Alpakka;5575 marine;5575 Marine;7039560260176;20
EKSAKT;Mini Alpakka;6081 dyp bla;6081 Dyp blå;7039560260732;24
EKSAKT;Mini Alpakka;8581 dyp skoggronn;8581 Dyp skoggrønn;7039560261333;31
EKSAKT;Mini Alpakka;9573 mosegronn;9573 Mosegrønn;7039560260848;29
EKSAKT;Mini Alpakka;3161 eikenott;3161 Eikenøtt;7039560260282;23
EKSAKT;Mini Alpakka;4813 pink lilac;4813 Pink Lilac;7039560261395;24
EKSAKT;Mini Alpakka;4628 magenta;4628 Magenta;7039560261388;17
EKSAKT;Mini Alpakka;4255 rumba red;4255 Rumba Red;7039560261425;23
EKSAKT;Mini Alpakka;5845 dazzling blue;5845 Dazzling Blue;7039560261401;26
EKSAKT;Mini Alpakka;2573 monks robe;"2573 Monk&#039;s Robe";7039560261463;19
EKSAKT;Mini Alpakka;3091 cacao nibs;3091 Cacao Nibs ;7039560261449;30
EKSAKT;Mini Alpakka;4372 dyp burgunder;4372 Burgundy;7039560261456;26
EKSAKT;Mini Alpakka;9564 matcha;9564 Matcha;7039560261432;19
EKSAKT;Tynn Line;4632 rosa lavendel;4632 Rosa Lavendel;7039560770491;8
EKSAKT;Tynn Line;6044 regatta bla;6044 Regatta blå;7039560770507;21
EKSAKT;Tynn Line;7213 bla turkis;7213 Blå turkis;7039560770484;0
EKSAKT;Tynn Line;1002 hvit;1002 Hvit;7039560770019;26
EKSAKT;Tynn Line;1015 kitt;1015 Kitt;7039560770033;17
EKSAKT;Tynn Line;1099 svart;1099 Sort;7039560770194;9
EKSAKT;Tynn Line;2331 lys beige;2331 Lys Beige;7039560770040;16
EKSAKT;Tynn Line;3021 beige;3021 Beige;7039560770385;23
EKSAKT;Tynn Line;3161 eikenott;3161 Eikenøtt;7039560770552;18
EKSAKT;Tynn Line;3511 pudder;3511 Pudder;7039560770057;13
EKSAKT;Tynn Line;3820 perlegra;3820 Perlegrå;7039560770392;26
EKSAKT;Tynn Line;4002 lys ferskenblomst;4002 Lys Ferskenblomst;7039560770439;7
EKSAKT;Tynn Line;4323 rosa;4323 Rosa;7039560770347;7
EKSAKT;Tynn Line;4335 bringebaerkrem;4335 Bringebærkrem;7039560770361;14
EKSAKT;Tynn Line;5930 lys bla;5930 Lys Blå;7039560770118;20
EKSAKT;Tynn Line;6032 bla hortensia;6032 Blå Hortensia;7039560770446;19
EKSAKT;Tynn Line;6061 blagra;6061 Blågrå;7039560770378;23
EKSAKT;Tynn Line;6080 skifer;6080 Skifer;7039560770132;25
EKSAKT;Tynn Line;6531 isbla;6531 Isblå;7039560770309;14
EKSAKT;Tynn Line;6841 stovet aqua;6841 Støvet Aqua;7039560770231;33
EKSAKT;Tynn Line;8561 gronn;8561 Støvet Grønn;7039560770187;18
EKSAKT;Tynn Line;9062 olivengronn;9062 Olivengrønn;7039560770460;13
EKSAKT;Tynn Line;2112 lys gul;2112 Soft Sunlight;7039560770590;16
EKSAKT;Tynn Line;4372 dyp burgunder;4372 Dyp Burgunder;7039560770606;7
EKSAKT;Tynn Line;4108 flame scarlet;4108 Flame Scarlet;7039560770644;15
EKSAKT;Tynn Line;2581 after dark;2581 After Dark;7039560770668;20
EKSAKT;Tynn Line;4813 pink lilac;4813 Pink Lilac;7039560770682;15
EKSAKT;Tynn Line;6073 seaside navy;6073 Seaside Navy;7039560770675;17
EKSAKT;Tynn Line;1001 true white;1001 True White;7039560770651;20
EKSAKT;Tynn Line;4353 rustic rose;4353 Rustic Rose;7039560770712;19
EKSAKT;Tynn Line;5223 lavender;5223 Lavender;7039560770705;20
EKSAKT;Tynn Line;7911 mint green;7911 Mint Green;7039560770699;20
EKSAKT;Tilia;365 Calendula;365 Calendula;5709673005644;22
EKSAKT;Tilia;362 Autumn Leaves;362 Autumn Leaves;5709673004449;11
EKSAKT;Tilia;335 Peach Blossom;335 Peach Blossom;5709673000526;13
EKSAKT;Tilia;370 Flamingo;370 Flamingo;5709673005231;13
EKSAKT;Tilia;341 Winter Peach;341 Winter Peach;5709673000571;33
EKSAKT;Tilia;321 Sakura;321 Sakura;5709673000410;33
EKSAKT;Tilia;373 Vintage Rose;373 Vintage Rose;5709673005248;19
EKSAKT;Tilia;361 Madeira Rose;361 Madeira Rose;5709673004432;16
EKSAKT;Tilia;323 Cranberry;323 Cranberry;5709673000434;26
EKSAKT;Tilia;218 Chinese Red;218 Chinese Red;5709673003718;8
EKSAKT;Tilia;213 Fuchsia;213 Fuchsia;5709673000342;28
EKSAKT;Tilia;360 Azalea;360 Azalea;5709673004425;10
EKSAKT;Tilia;313 Bubblegum;313 Bubblegum;5709673005637;31
EKSAKT;Tilia;322 Begonia Pink;322 Begonia Pink;5709673000427;14
EKSAKT;Tilia;286 Purpur;286 Purpur;5709673000380;23
EKSAKT;Tilia;324 Amethyst;324 Amethyst;5709673000441;14
EKSAKT;Tilia;349 Mauve;349 Mauve;5709673000618;24
EKSAKT;Tilia;353 Freesia;353 Fresia;5709673000632;18
EKSAKT;Tilia;319 Blue Violet;319 Blue Violet;5709673000403;10
EKSAKT;Tilia;145 Navy Blue;145 Navy Blue;5709673000335;23
EKSAKT;Tilia;337 Bright Cobalt;337 Bright Cobalt;5709673000540;29
EKSAKT;Tilia;328 Bluebell;328 Bluebell;5709673000489;32
EKSAKT;Tilia;348 Rainy Day;348 Rainy Day;5709673000601;20
EKSAKT;Tilia;340 Ice Blue;340 Ice Blue;5709673000564;26
EKSAKT;Tilia;281 Rime Frost;281 Rime Frost;5709673000373;26
EKSAKT;Tilia;329 Playa;329 Playa;5709673000496;2
EKSAKT;Tilia;270 Midnight Blue;270 Midnight Blue;5709673000366;25
EKSAKT;Tilia;347 Deep Pine;347 Deep Pine;5709673000595;19
EKSAKT;Tilia;124 Reseda;124 Reseda;5709673000311;22
EKSAKT;Tilia;327 Sage;327 Sage;5709673000472;13
EKSAKT;Tilia;355 Green Tea;355 Green Tea;5709673003749;13
EKSAKT;Tilia;105 Slate Green;105 Slate Green;5709673004401;3
EKSAKT;Tilia;279 Juicy Green;279 Juicy Green;5709673003725;24
EKSAKT;Tilia;367 Lemongrass;367 Lemongrass;5709673005422;20
EKSAKT;Tilia;255 Limelight;255 Limelight;5709673000359;18
EKSAKT;Tilia;196 French Vanilla;196 French Vanilla;5709673004418;23
EKSAKT;Tilia;211 Banana;211 Banana;5709673003701;21
EKSAKT;Tilia;136 Mustard;136 Mustard;5709673000328;9
EKSAKT;Tilia;363 Caramel;363 Caramel;5709673004456;16
EKSAKT;Tilia;350 Sienna;350 Sienna;5709673000625;16
EKSAKT;Tilia;325 Coffee;325 Coffee;5709673000458;13
EKSAKT;Tilia;354 Light Truffle;354 Light Truffle;5709673003732;7
EKSAKT;Tilia;203 Camel;203 Camel;5709673005224;8
EKSAKT;Tilia;364 Chai;364 Chai;5709673005415;19
EKSAKT;Tilia;336 Latte;336 Latte;5709673000533;4
EKSAKT;Tilia;101 Natural White;101 Natural White;5709673000298;0
EKSAKT;Tilia;100 Snow White;100 Snow White;5709673000281;29
EKSAKT;Tilia;352 Red Squirre;352 Red Squirrel;5709673003435;8
EKSAKT;Tilia;358 Silver;358 Silver;5709673003756;16
EKSAKT;Tilia;330 Ash;330 Ash;5709673000502;21
EKSAKT;Tilia;338 Frost Grey;338 Frost Grey;5709673000557;12
EKSAKT;Tilia;331 Steel;331 Steel;5709673000519;20
EKSAKT;Tilia;102 Black;102 Black;5709673000304;18
EKSAKT;Sterk;806 Natur;806 Natur;7071765008061;8
EKSAKT;Sterk;807 Koks melert;807 Koks melert;7071765008078;2
EKSAKT;Sterk;809 Svart;809 Svart;7071765008092;35
EKSAKT;Sterk;810 Mørk brun;810 Mørk brun;7071765008108;21
EKSAKT;Sterk;812 Grønn;812 Grønn;7071765008122;25
EKSAKT;Sterk;815 Blå;815 Blå;7071765008153;22
EKSAKT;Sterk;819 Mørk rød;819 Rød;7071765008191;29
EKSAKT;Sterk;822 Grå melert;822 Grå melert;7071765008221;18
EKSAKT;Sterk;823 Lys brun melert;823 Lys brun melert;7071765008238;18
EKSAKT;Sterk;824 Brun melert;824 Brun melert;7071765008245;28
EKSAKT;Sterk;825 Mørk rosa;825 Mørk rosa;7071765008252;18
EKSAKT;Sterk;827 Marine;827 Marine;7071765008276;0
EKSAKT;Sterk;828 Rød;828 Rød;7071765008283;12
EKSAKT;Sterk;831 Lyng;831 Lyng;7071765008313;9
EKSAKT;Sterk;832 Rødlilla;832 Rødlilla;7071765008320;7
EKSAKT;Sterk;835 Gullgul;835 Gullgul;7071765008351;25
EKSAKT;Sterk;841 Lys grå melert;841 Lys grå melert;7071765250484;13
EKSAKT;Sterk;842 Brent oransje;842 Brent oransje;7071765250491;5
EKSAKT;Sterk;845 Lys beige melert;845 Lys beige melert;7071765250521;19
EKSAKT;Sterk;848 Lys blå;848 Lys blå;7071765250552;23
EKSAKT;Sterk;850 Rosa;850 Lys rosa;7071765250576;11
EKSAKT;Sterk;851 Hvit;851 Hvit ;7071765250583;10
EKSAKT;Sterk;854 Caffe latte;854 Caffé latte;7071765251214;-1
EKSAKT;Sterk;855 Varm gul;855 Gul;7071765251221;7
EKSAKT;Sterk;857 Mørk sjøgrønn;857 Mørk sjøgrønn;7071765251245;15
EKSAKT;Sterk;858 Safrangul;858 Safrangul;7071765251252;5
EKSAKT;Sterk;860 Flaskegrønn;860 Flaskegrønn;7071765251276;25
EKSAKT;Sterk;861 Mørk gråblå;861 Mørk blågrå;7071765251283;15
EKSAKT;Sterk;862 Brent kobber;862 Brent kobber;7071765251290;26
EKSAKT;Sterk;865 Denim;865 Denim;7071765252068;19
EKSAKT;Sterk;877 Gul melert;877 Gul melert;7023790511283;23
EKSAKT;Sterk;885 Denim melert;885 Denim melert;7023790511344;12
EKSAKT;Sterk;887 Blågrønn melert;887 Blågrønn melert;7023790511382;8
EKSAKT;Sterk;888 Grønn melert;888 Grønn melert;7023790511405;22
EKSAKT;Sterk;889 Oliven melert;889 Oliven melert;7023790511429;28
EKSAKT;Sterk;892 Dyp rød melert;892 Dyp rød melert;7023790535852;13
EKSAKT;Sterk;898 Aprikos;898 Aprikos;7023790549200;1
EKSAKT;Sterk;899 Rose;899 Rose;7023790549224;9
EKSAKT;Sterk;901 Lys denim;901 Lys denim;7023790549279;22
EKSAKT;Sterk;903 Skarp grønn;903 Skarp grønn;7023790589756;1
EKSAKT;Sterk;904 Kongeblå;904 Kongeblå;7023790589787;12
EKSAKT;Sterk;907 Oransje;907 Oransje;7023790589848;22
EKSAKT;Sterk;910 Lys rosa;910 Lys Rosa;7023790589893;8
EKSAKT;Sterk;912 Lys lavendel;912 Lys lavendel;7023790589947;3
EKSAKT;Sterk;914 Gul;914 Gul;7023790589985;4
EKSAKT;Sterk;918 Isblå;918 Lys Blå;7023790590066;6
EKSAKT;Sterk;920 Mørk indigo;920 Mørk indigo;7023790584709;10
EKSAKT;Børstet Alpakka;4227 equesterian red;4227 Equestrian Red;7039560782937;28
EKSAKT;Børstet Alpakka;4813 pink lilac;4813 Pink Lilac;7039560782852;10
EKSAKT;Børstet Alpakka;5811 arctic ice;5811 Arctic Ice;7039560782913;24
EKSAKT;Børstet Alpakka;6044 regatta bl;6044 Regatta blå;7039560782791;29
EKSAKT;Børstet Alpakka;6064 blabaer;6064 Blåbær;7039560782753;32
EKSAKT;Børstet Alpakka;8062 gronn myrt;8062 Grønn Myrt;7039560782654;18
EKSAKT;Børstet Alpakka;1001 hvit;1001 True White;7039560780018;36
EKSAKT;Børstet Alpakka;1012 natur;1012 Natur;7039560780025;48
EKSAKT;Børstet Alpakka;1014 porselen;1014 Porselen;7039560782562;18
EKSAKT;Børstet Alpakka;1042 gramelert;1042 Gråmelert;7039560780032;30
EKSAKT;Børstet Alpakka;1099 svart;1099 Sort;7039560782371;20
EKSAKT;Børstet Alpakka;2112 lys gul;2112 Soft Sunlight;7039560782272;22
EKSAKT;Børstet Alpakka;2523 natur tweed;2523 Natur Tweed;7039560782838;14
EKSAKT;Børstet Alpakka;2650 beigemelert;2650 Beigemelert;7039560780070;39
EKSAKT;Børstet Alpakka;3021 beige;3021 Beige;7039560782494;25
EKSAKT;Børstet Alpakka;3040 caffe latte;3040 Caffe latte;7039560782586;13
EKSAKT;Børstet Alpakka;3161 eikenott;3161 Eikenøtt;7039560782517;27
EKSAKT;Børstet Alpakka;3509 ballet tutu;3509 Ballet tutu;7039560782920;22
EKSAKT;Børstet Alpakka;3819 spicy orange;3819 Spicy Orange;7039560782630;18
EKSAKT;Børstet Alpakka;4255 rumba red;4255 Rumba Red;7039560782944;27
EKSAKT;Børstet Alpakka;5043 lilla;5043 Lilla;7039560782395;18
EKSAKT;Børstet Alpakka;5575 marinebla;5575 Marineblå;7039560780247;17
EKSAKT;Børstet Alpakka;6003 lys bla;6003 Lys Blå;7039560780230;32
EKSAKT;Børstet Alpakka;6046 jolly blue;6046 Jolly Blue;7039560782623;20
EKSAKT;Børstet Alpakka;8236 jellybean green;8236 Jellybean green;7039560782616;0
EKSAKT;Børstet Alpakka;8581 dyp skoggronn;8581 Dyp skoggrønn;7039560782531;26
EKSAKT;Børstet Alpakka;4626 shocking pink;4626 Shocking Pink;7039560782685;11
EKSAKT;Børstet Alpakka;4372 dyp burgunder;4372 Dyp Burgunder;7039560782975;25
EKSAKT;Børstet Alpakka;4018 scarlet red;4018 Scarlet Red;7039560782968;16
EKSAKT;Børstet Alpakka;3082 mork brun;3082 Mørk Brun;7039560783026;29
EKSAKT;Børstet Alpakka;2573 monks robe;2573 Monks Robe;7039560783019;20
EKSAKT;Børstet Alpakka;9564 matcha;9564 Matcha;7039560782999;19
EKSAKT;Børstet Alpakka;9873 dark olive;9873 Dark Olive;7039560782982;13
EKSAKT;Børstet Alpakka;7911 mint green;7911 Mint Green;7039560783033;23
EKSAKT;Tynn Merinoull;1001 hvit;1001 True White;7039560720519;22
EKSAKT;Tynn Merinoull;1002 natur;1002 Hvit;7039560720014;21
EKSAKT;Tynn Merinoull;1015 kitt;1015 Kitt;7039560720021;30
EKSAKT;Tynn Merinoull;1042 gramelert;1042 Gråmelert;7039560720243;30
EKSAKT;Tynn Merinoull;1055 koksmelert;1055 Koksmelert;7039560720304;8
EKSAKT;Tynn Merinoull;1099 svart;1099 Sort;7039560720045;14
EKSAKT;Tynn Merinoull;2550 lys eikenott;2550 Lys eikenøtt;7039560720595;14
EKSAKT;Tynn Merinoull;3161 eikenott;3161 Mellombrun;7039560720069;17
EKSAKT;Tynn Merinoull;3511;3511 Pudderrosa;7039560720076;22
EKSAKT;Tynn Merinoull;4219 rod;4219 Rød;7039560720236;30
EKSAKT;Tynn Merinoull;4622 lys lyng;4622 Lys Lyng;7039560720106;10
EKSAKT;Tynn Merinoull;4643 rosslyng;4643 Røsslyng;7039560720434;10
EKSAKT;Tynn Merinoull;4645 lyng;4645 Lyng;7039560720229;26
EKSAKT;Tynn Merinoull;5575 marine;5575 Marine;7039560720144;20
EKSAKT;Tynn Merinoull;6052 jeansbla;6052 Jeansblå;7039560720168;13
EKSAKT;Tynn Merinoull;6062 mork bla;6062 Mørk Blå;7039560720526;9
EKSAKT;Tynn Merinoull;7741 stovet petrol;7741 Støvet Petrol;7039560720205;8
EKSAKT;Tynn Merinoull;8072 skoggronn;8072 Skoggrønn;7039560720427;15
EKSAKT;Tynn Merinoull;8521 stovet lys gronn;8521 Dusty Light Green;7039560720564;28
EKSAKT;Tynn Merinoull;8581 dyp skoggronn;8581 Dyp skoggrønn;7039560720618;15
EKSAKT;Tynn Merinoull;9062 olivengronn;9062 Olivengrønn;7039560720649;12
EKSAKT;Tynn Merinoull;2321 marsipan;2321 Marsipan;7039560720670;27
EKSAKT;Tynn Merinoull;4628 magenta;4628 Magenta;7039560720694;10
EKSAKT;Tynn Merinoull;6032;6032 Blå Hortensia;7039560720717;15
EKSAKT;Tynn Merinoull;4315 bubblegum pink;4315 Bubblegum Pink;7039560720731;16
EKSAKT;Tynn Merinoull;4255 rumba red;4255 Rumba Red;7039560720724;20
EKSAKT;Tynn Merinoull;5845 dazzling blue;5845 Dazzling Blue;7039560720755;4
EKSAKT;Tynn Merinoull;9004 lemon;9004 Lemon;7039560720748;2
EKSAKT;Tynn Merinoull;9564 matcha;9564 Matcha;7039560720779;12
EKSAKT;Tynn Merinoull;4372 dyp burgunder;4372 Dyp Burgunder;7039560720762;12
EKSAKT;Tynn Merinoull;4344 dry rose;4344 KlompeLOMPE Mørk Pudderrosa;7039560740166;11
EKSAKT;Tynn Merinoull;4032 misty rose;4032 KlompeLOMPE Pudderrosa;7039560740159;9
EKSAKT;Tynn Merinoull;2650 lys eikenott;2650 KlompeLOMPE Beigemelert;7039560740838;22
EKSAKT;Tynn Merinoull;3081 dark brown;3081 KlompeLOMPE Mørk Brun;7039560740142;25
EKSAKT;DOUBLE SUNDAY;2745 cognac;2745 Cognac;7039560071284;4
EKSAKT;DOUBLE SUNDAY;3800 bristol black;3800 Bristol Black;7039560071178;0
EKSAKT;DOUBLE SUNDAY;3880 mork sjokolade;3880 Mørk sjokolade;7039560071031;12
EKSAKT;DOUBLE SUNDAY;4018 scarlet red;4018 Scarlet Red;7039560071208;24
EKSAKT;DOUBLE SUNDAY;5811 arctic ice;5811 Arctic Ice;7039560071260;8
EKSAKT;DOUBLE SUNDAY;5845 dazzling blue;5845 Dazzling Blue;7039560071277;16
EKSAKT;DOUBLE SUNDAY;6044 regatta bla;6044 Regatta blå;7039560071109;23
EKSAKT;DOUBLE SUNDAY;8733 spring green;8733 Spring Green;7039560071246;23
EKSAKT;DOUBLE SUNDAY;9080 urban chic;9080 Urban Chic;7039560071161;17
EKSAKT;DOUBLE SUNDAY;1001 hvit;1001 True White;7039560070669;12
EKSAKT;DOUBLE SUNDAY;1015 kitt;1015 Kitt;7039560070676;48
EKSAKT;DOUBLE SUNDAY;1042 gramelert;1042 Gråmelert;7039560071062;31
EKSAKT;DOUBLE SUNDAY;1099 svart;1099 Sort;7039560070799;21
EKSAKT;DOUBLE SUNDAY;2321 marsipan;2321 Marsipan;7039560070812;23
EKSAKT;DOUBLE SUNDAY;2351 taupe;2351 Taupe;7039560070874;23
EKSAKT;DOUBLE SUNDAY;2650 beigemelert;2650 Beigemelert;7039560071079;10
EKSAKT;DOUBLE SUNDAY;3161 eikenott;3161 Eikenøtt;7039560070713;20
EKSAKT;DOUBLE SUNDAY;3509 ballet tutu;3509 Ballet tutu;7039560071253;13
EKSAKT;DOUBLE SUNDAY;4236 dyp rod;4236 Dyp Rød;7039560070942;26
EKSAKT;DOUBLE SUNDAY;5846 bla;5846 Blå;7039560070911;22
EKSAKT;DOUBLE SUNDAY;6032 bla hortensia;6032 Blå Hortensia;7039560070959;30
EKSAKT;DOUBLE SUNDAY;6051 kveldshimmel;6051 Kveldshimmel;7039560070867;21
EKSAKT;DOUBLE SUNDAY;6580 bla natt;6580 Blå natt;7039560070843;15
EKSAKT;DOUBLE SUNDAY;8082 skoggronn;8082 Skoggrønn;7039560070751;31
EKSAKT;DOUBLE SUNDAY;8521 stovet lys gronn;8521 Dusty Light Green;7039560070768;23
EKSAKT;DOUBLE SUNDAY;4672 bjornebaersaft;4672 Bjørnebærsaft;7039560070980;24
EKSAKT;DOUBLE SUNDAY;4626 shocking pink;4626 Shocking Pink;7039560071055;7
EKSAKT;DOUBLE SUNDAY;4219 rod;4219 Rød;7039560071390;13
EKSAKT;DOUBLE SUNDAY;4372 dyp burgunder;4372 Dyp Burgunder;7039560071406;17
EKSAKT;DOUBLE SUNDAY;2573 monks robe;2573 Monks Robe;7039560071413;28
EKSAKT;DOUBLE SUNDAY;7772 rainforest;7772 Rain Forest;7039560071420;19
EKSAKT;DOUBLE SUNDAY;4353 rustic rose;4353 Rustic Rose;7039560071468;26
EKSAKT;DOUBLE SUNDAY;5223 lavender;5223 Lavender;7039560071451;18
EKSAKT;DOUBLE SUNDAY;7911 mint green;7911 Mint Green;7039560071444;25
EKSAKT;Duo;3871 espresso;3871 Espresso;7039560500821;10
EKSAKT;Duo;4628 magenta;4628 Magenta;7039560500838;25
EKSAKT;Duo;5023 lilac;5023 Lilac;7039560500876;17
EKSAKT;Duo;5811 arctic ice;5811 Arctic Ice;7039560500883;18
EKSAKT;Duo;9541 gronn te;9541 Grønn Te;7039560500807;21
EKSAKT;Duo;1002 hvit;1002 Hvit;7039560500012;25
EKSAKT;Duo;1015 kitt;1015 Kitt;7039560500494;23
EKSAKT;Duo;1099 svart;1099 Sort;7039560500029;15
EKSAKT;Duo;2112 lys gul;2112 Soft Sunlight;7039560500852;23
EKSAKT;Duo;2564 gyllenbrun;2564 Gyllenbrun;7039560500722;17
EKSAKT;Duo;2650 beigemelert;2650 Beigemelert;7039560500548;26
EKSAKT;Duo;2652 mork beigemelert;2652 Mørk Beige;7039560500487;31
EKSAKT;Duo;3021 lys beige;3021 Lys Beige;7039560500746;17
EKSAKT;Duo;3509 ballet tutu;3509 Ballet tutu;7039560500869;23
EKSAKT;Duo;3543 varm brunmelert;3543 Varm Brun;7039560500432;22
EKSAKT;Duo;4032 pudder rosa;4032 Pudderrosa;7039560500555;21
EKSAKT;Duo;4236 dyp rod;4236 Dyp Rød;7039560500739;20
EKSAKT;Duo;4344 mork pudderrosa;4344 Mørk Pudderrosa;7039560500562;25
EKSAKT;Duo;5575 marine;5575 Marine;7039560500166;25
EKSAKT;Duo;5864 bla melert;5864 Blå melert;7039560500470;28
EKSAKT;Duo;6030 lys gra;6030 Lys Grå;7039560500180;24
EKSAKT;Duo;6033 jeansbla;6033 Jeansblå;7039560500579;9
EKSAKT;Duo;6841 stovet aqua;6841 Støvet Aqua;7039560500623;29
EKSAKT;Duo;6862 dyp aqua;6862 Dyp Aqua;7039560500630;24
EKSAKT;Duo;8072 skoggronn;8072 Skoggrønn;7039560500678;19
EKSAKT;Duo;8521 stovet lys gronn;8521 Lys grønn;7039560500760;20
EKSAKT;Duo;9551 stovet mosegronn;9551 Støvet Mosegrønn;7039560500647;13
EKSAKT;Tynn Peer Gynt;1099 svart;1099 Sort;7039560100342;22
EKSAKT;Tynn Peer Gynt;2321 marsipan;2321 Marsipan;7039560100366;48
EKSAKT;Tynn Peer Gynt;2652 mellombrun melert;2652 Mellombrun melert;7039560100168;22
EKSAKT;Tynn Peer Gynt;3880 mork sjokolade;3880 Mørk sjokolade;7039560100373;29
EKSAKT;Tynn Peer Gynt;2641 naturmelert;2641 Naturmelert;7039560100182;16
EKSAKT;Tynn Peer Gynt;4672 bjornebaersaft;4672 Bjørnebærsaft;7039560100397;14
EKSAKT;Tynn Peer Gynt;8236 jelly bean green;8236 Jellybean green;7039560100229;11
EKSAKT;Tynn Peer Gynt;6032 bla hortensia;6032 Blå Hortensia;7039560100267;21
EKSAKT;Tynn Peer Gynt;6046 jolly blue;6046 Jolly Blue;7039560100274;7
EKSAKT;Tynn Peer Gynt;5575 marine;5575 Marine;7039560100281;15
EKSAKT;Tynn Peer Gynt;7281 dyp petrol;7281 Dyp petrol;7039560100427;23
EKSAKT;Tynn Peer Gynt;9572 mork gronnmelert;9572 Mørk Grønnmelert;7039560100434;14
EKSAKT;Tynn Peer Gynt;8082 skoggronn;8082 Skoggrønn;7039560100243;31
EKSAKT;Tynn Peer Gynt;3819 spicy orange;3819 Spicy Orange;7039560100441;14
EKSAKT;Tynn Peer Gynt;1042 gramelert;1042 Gråmelert;7039560100298;13
EKSAKT;Tynn Peer Gynt;1021 lys gramelert;1021 Lys Gråmelert;7039560100304;28
EKSAKT;Tynn Peer Gynt;1002 hvit;1002 Hvit;7039560100359;18
EKSAKT;Tynn Peer Gynt;6044 regatta bla;6044 Regatta blå;7039560100519;20
EKSAKT;Tynn Peer Gynt;3535 lys kobberbrun;3535 Lys kobberbrun;7039560100502;4
EKSAKT;Tynn Peer Gynt;1053 mork gramelert;1053 Mørk gråmelert;7039560100540;14
EKSAKT;Tynn Peer Gynt;1088 koksmelert;1088 Koksmelert;7039560100557;24
EKSAKT;Tynn Peer Gynt;2650 grabeige melert;2650 Gråbeige melert;7039560100564;24
EKSAKT;Tynn Peer Gynt;4219 rod;4219 Rød;7039560100571;7
EKSAKT;Tynn Peer Gynt;9080 urban chic;9080 Urban Chic;7039560100632;9
EKSAKT;Tynn Peer Gynt;3800 bristol black;3800 Bristol Black;7039560100601;10
EKSAKT;Tynn Peer Gynt;2523 natur tweed;2523 Natur Tweed;7039560100663;15
EKSAKT;Tynn Peer Gynt;2655;2655 Gråbeige tweed;7039560100670;28
EKSAKT;Tynn Peer Gynt;4018 scarlet red;4018 Scarlet Red;7039560100687;20
EKSAKT;Tynn Peer Gynt;4315 bubblegum pink;4315 Bubblegum Pink;7039560100724;16
EKSAKT;Tynn Peer Gynt;1034 lys graamelert med natur tweed;1034 Lys gråmelert natur tweed;7039560100748;18
EKSAKT;Tynn Peer Gynt;4255 rumba red;4255 Rumba Red;7039560100755;8
EKSAKT;Tynn Peer Gynt;5811 arctic ice;5811 Arctic Ice;7039560100779;18
EKSAKT;Tynn Peer Gynt;9873 dark olive;9873 Dark Olive;7039560100809;20
EKSAKT;Tynn Peer Gynt;2745 cognac;2745 Cognac;7039560100786;16
EKSAKT;Tynn Peer Gynt;5845 dazzling blue;5845 Dazzling Blue;7039560100793;20
EKSAKT;Tynn Peer Gynt;1012 natur;1012 Natur;7039560100144;30
EKSAKT;Tynn Peer Gynt;3161 eikenott;3161 Eikenøtt;7039560100175;18
EKSAKT;Tynn Peer Gynt;4372 dyp burgunder;4372 Dyp Burgunder;7039560100823;25
EKSAKT;Tynn Peer Gynt;6062 mork blaa;6062 Mørk Blå;7039560100830;17
EKSAKT;Tynn Peer Gynt;2152 vintage gold;2152 Vintage Gold;7039560100878;20
EKSAKT;Tynn Peer Gynt;7772 rainforest;7772 Rain Forest;7039560100861;19
EKSAKT;Tynn Peer Gynt;8753 vineyard green;8753 Vineyard Green;7039560100885;18
EKSAKT;Tynn Peer Gynt;3082 mork brun;3082 Mørk Brun;7039560100847;22
EKSAKT;Tynn Peer Gynt;2573 monks robe;2573 Monks Robe;7039560100854;11
EKSAKT;Tynn Peer Gynt;5585 marinebla tweed;"5585 Marinebl&aring; m/ Natur Tweed";7039560100939;14
EKSAKT;Tynn Peer Gynt;8085 skoggronn tweed;"8085 Skoggr&oslash;nn m/ Natur Tweed";7039560100922;8
EKSAKT;Tynn Peer Gynt;3085 mork brun tweed;"3085 M&oslash;rk Brun m/ Natur Tweed";7039560100915;18
EKSAKT;Tynn Peer Gynt;9564 macha;9564 Matcha;7039560100892;20
EKSAKT;Tynn Peer Gynt;4202 lotus;4202 Lotus;7039560100960;20
EKSAKT;Tynn Peer Gynt;7911 mint green;7911 Mint Green;7039560100953;20
EKSAKT;Tynn Peer Gynt;9602 lemonade;9602 Lemonade;7039560100946;20
EKSAKT;Labbegarn;1022 hvit gra;1022 Hvit/grå;7039561160093;0
EKSAKT;Labbegarn;1042 gra;1042 Grå;7039561131482;19
EKSAKT;Fivel;214 Koksgrå melert;214 Koksgrå melert;9317385314747;33
EKSAKT;Fivel;400 Mørk grå naturmelert;400 Grå naturmelert;7045840157852;43
EKSAKT;Fivel;300 Lys grå naturmelert;300 Lys grå naturmelert;7045840157777;10
EKSAKT;Fivel;4078 Lys beige melert;4078 Lys Beige Melert;7045840159993;14
EKSAKT;Fivel;206 Beige melert;206 beige melert;7045840160012;11
EKSAKT;Fivel;302 Sand melert;302 Sand melert;7045840157814;22
EKSAKT;Fivel;415 Drivved melert;415 Drivved melert;9317385314723;37
EKSAKT;Fivel;303 Fersken melert;303 Fersken melert;7045840157838;15
EKSAKT;Fivel;124 Skarp rød;124 Skarp Rød;9317385314563;19
EKSAKT;Fivel;401 Rød melert;401 Rød melert;7045840157876;11
EKSAKT;Fivel;404 Kobber melert;404 Kobber melert;7045840157937;29
EKSAKT;Fivel;403 Mørk sjokolade melert;403 Mørk sjokolade melert;7045840157913;19
EKSAKT;Fivel;193 Grønn;193 Grønn;9317385314686;2
EKSAKT;Fivel;190 Pistasje;190 Pistasje;9317385314709;7
EKSAKT;Fivel;301 Mintgrønn melert;301 Mintgrønn melert;7045840157791;17
EKSAKT;Fivel;402 Mørk petrol melert;402 Mørk petrol melert;7045840157890;12
EKSAKT;Fivel;172 Klar himmel;172 Klar Himmel;9317385314662;19
EKSAKT;Fritidsgarn;1012 natur;1012 Natur;7039560040020;36
EKSAKT;Fritidsgarn;1021 lys graamelert;1021 Lys Gråmelert;7039560041041;20
EKSAKT;Fritidsgarn;1042 graamelert;1042 Gråmelert;7039560040037;14
EKSAKT;Fritidsgarn;1055 mork graamelert;1055 Mørk Gråmelert;7039560040044;5
EKSAKT;Fritidsgarn;1088 koksmelert;1088 Koksmelert;7039560040051;34
EKSAKT;Fritidsgarn;1099 svart;1099 Sort;7039560040068;14
EKSAKT;Fritidsgarn;2206 gul;2206 Gul;7039560040808;18
EKSAKT;Fritidsgarn;2335 sennepsgul;2335 Sennepsgul;7039560040990;9
EKSAKT;Fritidsgarn;2641 naturmelert;2641 Naturmelert;7039560040396;14
EKSAKT;Fritidsgarn;2650 beige melert;2650 Beigemelert;7039560040082;12
EKSAKT;Fritidsgarn;3021 lys beigemelert;3021 Lys Beigemelert;7039560041089;17
EKSAKT;Fritidsgarn;3161 eikenott;3161 Eikenøtt;7039560040532;24
EKSAKT;Fritidsgarn;3326 oransje;3326 Oransje;7039560040792;15
EKSAKT;Fritidsgarn;3511 pudder rosa;3511 Pudderrosa;7039560040730;10
EKSAKT;Fritidsgarn;4023 gammelrosa;4023 Gammelrosa;7039560040921;16
EKSAKT;Fritidsgarn;4071 mork brun melert;4071 Mørk Brunmelert;7039560040662;15
EKSAKT;Fritidsgarn;4120 rod;4120 Rød;7039560040136;11
EKSAKT;Fritidsgarn;4219 dyp rod;4219 Mørk Rød;7039560040310;24
EKSAKT;Fritidsgarn;4236 rodmelert;4236 Rødmelert;7039560040983;8
EKSAKT;Fritidsgarn;4363 mork rodmelert;4363 Mørk Rødmelert;7039560041072;25
EKSAKT;Fritidsgarn;4529 plomme;4529 Plomme;7039560040297;20
EKSAKT;Fritidsgarn;4627 cerise;4627 Cerise;7039560040389;8
EKSAKT;Fritidsgarn;4644 st vet plomme;4644 Plomme;7039560040846;10
EKSAKT;Fritidsgarn;4715 rosa;4715 Rosa;7039560040679;21
EKSAKT;Fritidsgarn;5575 marine;5575 Marine;7039560040181;8
EKSAKT;Fritidsgarn;5924 blaa;5924 Blå;7039560040198;23
EKSAKT;Fritidsgarn;6052 jeansblaa;6052 Jeansblå;7039560040716;13
EKSAKT;Fritidsgarn;6071 blaagraa;6071 Blågrå;7039560040617;10
EKSAKT;Fritidsgarn;6364 mork blaa;6364 Mørk blå;7039560040723;12
EKSAKT;Fritidsgarn;6573 kornblomst;6573 Kornblomst;7039560041027;4
EKSAKT;Fritidsgarn;6937 petrol;6937 Petrol;7039560040211;12
EKSAKT;Fritidsgarn;7252 sjogronn melert;7252 Sjøgrønn Melert;7039560040884;10
EKSAKT;Fritidsgarn;8260 agave gronn;8260 Agave grønn;7039560041133;28
EKSAKT;Fritidsgarn;8264 gronn;8264 Grønn;7039560041034;20
EKSAKT;Fritidsgarn;8571 mork gronn;8571 Mørk Grønn;7039560040891;26
EKSAKT;Fritidsgarn;9041 stovet lys gronnmelert;9041 Lys Grønnmelert;7039560041096;23
EKSAKT;Fritidsgarn;5235 pasjonsblomst;5235 Pasjonsblomst;7039560041195;11
EKSAKT;Fritidsgarn;3880 mork sjokolade;3880 Mørk sjokolade;7039560041157;25
EKSAKT;Fritidsgarn;3819 spicy orange;3819 Spicy Orange;7039560041164;10
EKSAKT;Fritidsgarn;4813 pink lilac;4813 Pink Lilac;7039560041225;30
EKSAKT;Fritidsgarn;9080 urban chic;9080 Urban Chic;7039560041218;16
EKSAKT;Fritidsgarn;6520 dream blue;6520 Dream Blue;7039560041232;22
EKSAKT;Tynn Silk Mohair;1199;1199 Salt n pepper tweed;7039560810944;3
EKSAKT;Tynn Silk Mohair;2009 lemon icing;2009 Lemon Icing;7039560811057;8
EKSAKT;Tynn Silk Mohair;2745 cognac;2745 Cognac;7039560811064;10
EKSAKT;Tynn Silk Mohair;3800 bristol black;3800 Bristol Black;7039560810838;25
EKSAKT;Tynn Silk Mohair;3880 mork sjokolade;3880 Mørk sjokolade;7039560810722;35
EKSAKT;Tynn Silk Mohair;4018 scarlet red;4018 Scarlet Red;7039560811033;11
EKSAKT;Tynn Silk Mohair;4315 bubblegum pink;4315 Bubblegum Pink;7039560811026;16
EKSAKT;Tynn Silk Mohair;4813 pink lilac;4813 Pink Lilac;7039560810906;28
EKSAKT;Tynn Silk Mohair;5811 arctic ice;5811 Arctic Ice;7039560811125;7
EKSAKT;Tynn Silk Mohair;5845 dazzling blue;5845 Dazzling Blue;7039560811101;11
EKSAKT;Tynn Silk Mohair;6044 regatta bla;6044 Regatta blå;7039560810807;24
EKSAKT;Tynn Silk Mohair;9080 urban chic;9080 Urban Chic;7039560810890;29
EKSAKT;Tynn Silk Mohair;9523 lime punch;9523 Lime Punch;7039560811156;11
EKSAKT;Tynn Silk Mohair;9564 matcha;9564 Matcha;7039560811149;13
EKSAKT;Tynn Silk Mohair;9873 dark olive;9873 Dark Olive;7039560811118;9
EKSAKT;Tynn Silk Mohair;1012 natur;1012 Natur;7039560810012;31
EKSAKT;Tynn Silk Mohair;1015 kitt;1015 Kitt;7039560810395;27
EKSAKT;Tynn Silk Mohair;1022 lys gramelert;1022 Lys Grå Melert;7039560810128;22
EKSAKT;Tynn Silk Mohair;1053 mork graamelert;1053 Mørk gråmelert;7039560811095;27
EKSAKT;Tynn Silk Mohair;1099 svart;1099 Sort;7039560810388;26
EKSAKT;Tynn Silk Mohair;2321 marsipan;2321 Marsipan;7039560810876;42
EKSAKT;Tynn Silk Mohair;2511 mandel;2511 Mandel;7039560810609;18
EKSAKT;Tynn Silk Mohair;2600 greige tweed;2600 Greige tweed;7039560810937;9
EKSAKT;Tynn Silk Mohair;2650 beigemelert;2650 Beigemelert;7039560811088;26
EKSAKT;Tynn Silk Mohair;3021 lys beige;3021 Lys Beige;7039560810401;31
EKSAKT;Tynn Silk Mohair;3161 eikenott;3161 Eikenøtt;7039560810586;13
EKSAKT;Tynn Silk Mohair;3509 ballet tutu;3509 Ballet tutu;7039560811040;22
EKSAKT;Tynn Silk Mohair;3511 pudderrosa;3511 Pudderrosa;7039560810319;19
EKSAKT;Tynn Silk Mohair;3535 lys kobberbrun;3535 Lys kobberbrun;7039560810791;14
EKSAKT;Tynn Silk Mohair;4236 dyp rod;4236 Dyp Rød;7039560810494;28
EKSAKT;Tynn Silk Mohair;4255 rumba red;4255 Rumba Red;7039560811071;29
EKSAKT;Tynn Silk Mohair;4372 dyp burgunder;4372 Dyp Burgunder;7039560811132;12
EKSAKT;Tynn Silk Mohair;4600 jazzy pink;4600 Jazzy Pink;7039560810869;26
EKSAKT;Tynn Silk Mohair;5581 dyp marine;5581 Dyp Marine;7039560810449;51
EKSAKT;Tynn Silk Mohair;6012 lys bla;6012 Lys Blå;7039560810500;31
EKSAKT;Tynn Silk Mohair;6042 mork himmelbla;6042 Mørk Himmelblå;7039560810241;31
EKSAKT;Tynn Silk Mohair;6046 jolly blue;6046 Jolly Blue;7039560810661;18
EKSAKT;Tynn Silk Mohair;6081 dyp bla;6081 Dyp blå;7039560810074;21
EKSAKT;Tynn Silk Mohair;8521 stovet lys gronn;8521 Dusty Light Green;7039560810425;56
EKSAKT;Tynn Silk Mohair;8581 dyp skoggronn;8581 Dyp skoggrønn;7039560810630;31
EKSAKT;Tynn Silk Mohair;9062 olivengronn;9062 Olivengrønn;7039560810685;24
EKSAKT;Tynn Silk Mohair;4672 bjornebaersaft;4672 Bjørnebærsaft;7039560810739;11
EKSAKT;Tynn Silk Mohair;4626 shocking pink;4626 Shocking Pink;7039560810692;16
EKSAKT;Tynn Silk Mohair;2152 vintage gold;2152 Vintage Gold;7039560811187;13
EKSAKT;Tynn Silk Mohair;3091 cacao nibs;3091 PetiteKnit Cacao Nibs;7039560811224;11
EKSAKT;Tynn Silk Mohair;3342 mocha mousse;3342 Mocha Mousse;7039560811231;31
EKSAKT;Tynn Silk Mohair;4219 true red;4219 True Red;7039560811170;27
EKSAKT;Tynn Silk Mohair;5824 provence blue;5824 Provence Blue;7039560811217;32
EKSAKT;Tynn Silk Mohair;8753 vineyard green;8753 Vineyard Green;7039560811248;18
EKSAKT;Tynn Silk Mohair;2573 monks robe;2573 Monks Robe;7039560811163;18
EKSAKT;Tynn Silk Mohair;7772 rainforest;7772 Rain Forest;7039560811194;9
EKSAKT;Tynn Silk Mohair;4381 dark fudge;4381 Dark Fudge;7039560811200;21
EKSAKT;Tynn Silk Mohair;1001 white;1001 True White;7039560811378;35
EKSAKT;Tynn Silk Mohair;3591 chocolate plum;3591 Chocolate Plum;7039560811361;18
EKSAKT;Tynn Silk Mohair;4353 rustic rose;4353 Rustic Rose;7039560811392;30
EKSAKT;Tynn Silk Mohair;5223 lavender;5223 Lavender;7039560811408;10
EKSAKT;Tynn Silk Mohair;7911 mint green;7911 Mint Green;7039560811385;23
EKSAKT;Tynn Silk Mohair;9602 lemonade;9602 Lemonade;7039560811354;14
EKSAKT;Kos;1012 hvit;1012 Hvit;7039560786010;46
EKSAKT;Kos;1021 lys gramelert;1021 Lys Gråmelert;7039560786027;19
EKSAKT;Kos;1043 gramelert;1043 Gråmelert;7039560786034;30
EKSAKT;Kos;1099 svart;1099 Sort;7039560786454;17
EKSAKT;Kos;2611 lys beigemelert;2611 Lys Beigemelert;7039560786058;8
EKSAKT;Kos;3161 acorn melange;3161 Eikenøtt;7039560786485;36
EKSAKT;Kos;3532 beige;3532 Beige;7039560786423;25
EKSAKT;Kos;4614 lys shocking pink;4614 Lys Shocking Pink;7039560786553;11
EKSAKT;Kos;6042 mork himmelbla;6042 Mørk Himmelblå;7039560786393;29
EKSAKT;Kos;6053 dutch blue;6053 Dutch Blue;7039560786591;23
EKSAKT;Kos;6079 marinebla;6079 Marineblå;7039560786201;23
EKSAKT;Kos;8521 stovet lys gronn;8521 Dusty Light Green;7039560786409;31
EKSAKT;Kos;9072 dyp olivengronn;9072 Dyp Olivengrønn;7039560786584;30
EKSAKT;Kos;2310 lys marsipan;2310 Lys marsipan;7039560786461;13
EKSAKT;Kos;2390 forest brown melange;2390 Skogbrun;7039560786515;33
EKSAKT;Kos;4333 villrose;4333 Villrose;7039560786508;17
EKSAKT;Kos;1014 porselen;1014 Porselen;7039560786683;21
EKSAKT;Kos;4227 equestrian red;4227 Equestrian Red;7039560786812;20
EKSAKT;Kos;5845 dazzling blue;5845 Dazzling Blue;7039560786799;19
EKSAKT;Kos;9523 lime punch;9523 Lime Punch;7039560786836;14
EKSAKT;Kos;4372 dyp burgunder;4372 Dyp Burgunder;7039560786829;7
EKSAKT;Kos;9564 matcha;9564 Matcha;7039560786843;18
EKSAKT;Kos;7772 rainforest;7772 Rain Forest;7039560786867;11
EKSAKT;Kos;2573 monks robe;2573 Monks Robe;7039560786850;18
EKSAKT;Babyull lanett;4024 gammelrosa;4024 Gammelrosa;7039560061087;0
EKSAKT;Babyull lanett;1001 hvit;1001 True White;7039560060011;25
EKSAKT;Babyull lanett;1012 natur;1012 Natur;7039560060028;31
EKSAKT;Babyull lanett;1022 lys gramelert;1022 Lys Grå Melert;7039560060776;22
EKSAKT;Babyull lanett;1032 lys gramelert;1032 Lys gråmelert;7039560060035;17
EKSAKT;Babyull lanett;1053 mork gramelert;1053 Mørk gråmelert;7039560060424;10
EKSAKT;Babyull lanett;1099 svart;1099 Sort;7039560060059;15
EKSAKT;Babyull lanett;2014 lys gul;2014 Lys Gul;7039560060837;0
EKSAKT;Babyull lanett;2511 mandel;2511 Mandel;7039560061001;20
EKSAKT;Babyull lanett;2650 beigemelert;2650 Beigemelert;7039560060752;13
EKSAKT;Babyull lanett;2652 mellombrun melert;2652 Mellombrun melert;7039560060769;15
EKSAKT;Babyull lanett;3041 lys eikenott;3041 Lys eikenøtt;7039560061025;5
EKSAKT;Babyull lanett;3161 eikenott;3161 Eikenøtt;7039560060547;12
EKSAKT;Babyull lanett;3521 perlerosa;3521 Perlerosa;7039560061117;0
EKSAKT;Babyull lanett;4023 stovet gammelrosa;4023 Støvet gammelrosa;7039560060875;11
EKSAKT;Babyull lanett;4128 rod;4128 Rød;7039560060158;10
EKSAKT;Babyull lanett;4244 mork gammelrosa;4244 Mørk Gammelrosa;7039560060868;15
EKSAKT;Babyull lanett;4312 pudder rosa;4312 Støvet Rosa;7039560060523;6
EKSAKT;Babyull lanett;5575 marine;5575 Marine;7039560060233;11
EKSAKT;Babyull lanett;5904 lys bla;5904 Lys Blå;7039560060264;24
EKSAKT;Babyull lanett;5930 lys bla;5930 Lys Blå;7039560060356;29
EKSAKT;Babyull lanett;6033 mellombla;6033 Mellomblå;7039560060738;8
EKSAKT;Babyull lanett;6062 mork bla;6062 Mørk Blå;7039560060967;14
EKSAKT;Babyull lanett;6841 stovet aqua;6841 Støvet Aqua;7039560060899;12
EKSAKT;Babyull lanett;8082 skoggronn;8082 Skoggrønn;7039560061056;21
EKSAKT;Babyull lanett;8521 stovet lys gronn;8521 Dusty Light Green;7039560060998;11
EKSAKT;Babyull lanett;8543 gronn;8543 Grønn;7039560060653;3
EKSAKT;Babyull lanett;4628 magenta;4628 Magenta;7039560061131;19
EKSAKT;Babyull lanett;8532 pistasj is;8532 Pistasj;7039560061148;1
EKSAKT;Babyull lanett;2321 marsipan;2321 Marsipan;7039560061155;13
EKSAKT;Babyull lanett;9080 urban chick;9080 Urban Chic;7039560061162;15
EKSAKT;Babyull lanett;4018 scarlet red;4018 Scarlet Red;7039560061209;7
EKSAKT;Babyull lanett;3082 mork brun;3082 Mørk Brun;7039560060455;26
EKSAKT;Babyull lanett;5811 arctic ice;5811 Arctic Ice;7039560061193;4
EKSAKT;Mandarin Petit;1001 optisk hvit;1001 True White;7039560120012;23
EKSAKT;Mandarin Petit;1002 hvit;1002 Hvit;7039560120029;27
EKSAKT;Mandarin Petit;1012 natur;1012 Natur;7039560120647;17
EKSAKT;Mandarin Petit;1099 svart;1099 Sort;7039560120036;20
EKSAKT;Mandarin Petit;2102 gul;2102 Gul;7039560120999;17
EKSAKT;Mandarin Petit;2205 khaki;2205 Khaki;7039560120067;15
EKSAKT;Mandarin Petit;3011 mandelhvit;3011 Mandelhvit;7039560121088;21
EKSAKT;Mandarin Petit;3161 eikenott;3161 Acorn;7039560120548;15
EKSAKT;Mandarin Petit;4323 rosa;4323 Rosa;7039560121019;18
EKSAKT;Mandarin Petit;4335 bringebaerkrem;4335 Bringebærkrem;7039560120982;19
EKSAKT;Mandarin Petit;4418 mork rod;4418 Mørk Rød;7039560120159;0
EKSAKT;Mandarin Petit;5844 mellombla;5844 Mellomblå;7039560120234;22
EKSAKT;Mandarin Petit;5930 lys bla;5930 Lys Blå;7039560120241;18
EKSAKT;Mandarin Petit;6015 bla;6015 Blå;7039560120265;18
EKSAKT;Mandarin Petit;6061 mork grabla;6061 Mørk Gråblå;7039560121026;20
EKSAKT;Mandarin Petit;6073 marine;6073 Seaside Navy;7039560120272;17
EKSAKT;Mandarin Petit;9041 stovet lys gronn;9041 Støvet lys grønn;7039560121132;12
EKSAKT;Mandarin Petit;3051 iskaffe;3051 Iskaffe;7039560121170;27
EKSAKT;Mandarin Petit;4002 lys ferskenblomst;4002 Lys Ferskenblomst;7039560121187;9
EKSAKT;Mandarin Petit;6032 bla hortensia;6032 Blå Hortensia;7039560121217;8
EKSAKT;Mandarin Petit;7213;7213 Blå turkis;7039560121286;10
EKSAKT;Mandarin Petit;4813 pink lilac;4813 Pink Lilac;7039560121347;15
EKSAKT;Mandarin Petit;4372 dyp burgunder;4372 Dyp Burgunder;7039560121378;20
EKSAKT;Mandarin Petit;9564 matcha;9564 Matcha;7039560121385;9
EKSAKT;Mandarin Petit;9523 lime punch;9523 Lime Punch;7039560121392;23
EKSAKT;Mandarin Petit;4108 flame scarlet;4108 Flame Scarlet;7039560121422;17
EKSAKT;Mandarin Petit;2581 after dark;2581 After Dark;7039560121415;19
EKSAKT;Mandarin Petit;7911 mint green;7911 Mint Green;7039560121453;19
EKSAKT;Mandarin Petit;5223 lavender;5223 Lavender;7039560121446;10
EKSAKT;Mandarin Petit;4353 rustic rose;4353 Rustic Rose;7039560121439;18
EKSAKT;Pelini;891 Lys grågrønn;891 Lys Grågrønn;7045840024703;15
EKSAKT;Pelini;5491 Lys blågrå;5491 Lys Blågrå;7045840024673;19
EKSAKT;Pelini;9475 Jeans;9475 Jeans;7045840024710;19
EKSAKT;Pelini;994 Mørk oransje;994 Mørk Oransje;7000001003072;6
EKSAKT;Pelini;782 Dempet rød;782 Dempet Rød;7045840024697;14
EKSAKT;Pelini;5083 Cerise;5083 Cerise;7000005003078;16
EKSAKT;Pelini;315 Smørbukk;315 Smørbukk;7045840146160;20
EKSAKT;Pelini;316 Kornaks;316 Kornaks;7045840146184;12
EKSAKT;Pelini;317 Marka skjønn;317 Marka Skjønn;7045840146207;24
EKSAKT;Pelini;320 Olivenolje;320 Olivenolje;7045840146269;11
EKSAKT;Line;4213 blossom;4213 Blossom 4213 Blossom;7039560670708;14
EKSAKT;Line;4315 bubblegum pink;4315 Bubblegum Pink 4315 Bubblegum Pink;7039560670715;10
EKSAKT;Line;4632 rosa lavendel;4632 Rosa Lavendel 4632 Rosa Lavendel;7039560670678;23
EKSAKT;Line;6044 regatta bla;6044 Regatta blå 6044 Regatta blå;7039560670685;24
EKSAKT;Line;8733 spring green;8733 Spring Green 8733 Spring Green;7039560670746;26
EKSAKT;Line;1002 hvit;1002 Hvit;7039560670104;21
EKSAKT;Line;1015 kitt;1015 Kitt;7039560670302;27
EKSAKT;Line;1099 svart;1099 Sort;7039560670098;28
EKSAKT;Line;2331 lys beige;2331 Lys Beige;7039560670197;11
EKSAKT;Line;3011 mandelhvit;3011 Mandelhvit;7039560670470;10
EKSAKT;Line;3042 cafe au lait;3042 Cafè au Lait;7039560670494;18
EKSAKT;Line;3161 eikenott;3161 Eikenøtt;7039560670036;24
EKSAKT;Line;3511 pudder rosa;3511 Pudderrosa;7039560670173;49
EKSAKT;Line;3819 spicy orange;3819 Spicy Orange;7039560670739;18
EKSAKT;Line;3820 perlegraa;3820 Perlegrå;7039560670500;24
EKSAKT;Line;4033 ferskenblomst;4033 Ferskenblomst 4033 Ferskenblomst;7039560670548;13
EKSAKT;Line;4335 bringebaerkrem;4335 Bringebærkrem 4335 Bringebærkrem;7039560670456;51
EKSAKT;Line;5930 lys blaa;5930 Lys Blå 5930 Lys Blå;7039560670234;38
EKSAKT;Line;6032 bla hortensia;6032 Blå Hortensia 6032 Blå Hortensia;7039560670609;38
EKSAKT;Line;6061 mork graablaa;6061 Mørk Gråblå 6061 Mørk Gråblå;7039560670463;28
EKSAKT;Line;6080 skifer;6080 Skifer 6080 Skifer;7039560670210;12
EKSAKT;Line;6531 isblaa;6531 Isblå 6531 Isblå;7039560670395;2
EKSAKT;Line;8521 stovet lys gronn;8521 Dusty Light Green 8521 Dusty Light Green;7039560670524;29
EKSAKT;Line;8561 stovet gronn;8561 Støvet Grønn 8561 Støvet Grønn;7039560670180;39
EKSAKT;Line;9062 olivengronn;9062 Olivengrønn 9062 Olivengrønn;7039560670562;25
EKSAKT;Line;2112 lys gul;2112 Soft Sunlight;7039560670777;17
EKSAKT;Line;4372 dyp burgunder;4372 Dyp Burgunder 4372 Dyp Burgunder;7039560670784;38
EKSAKT;Line;5811 arctic ice;5811 Arctic Ice 5811 Arctic Ice;7039560670760;20
EKSAKT;Line;4108 flame scarlet;4108 Flame Scarlet 4108 Flame Scarlet;7039560670838;20
EKSAKT;Line;5863 blueprint;5863 Blueprint 5863 Blueprint;7039560670845;26
EKSAKT;Line;2581 after dark;2581 After Dark;7039560670869;31
EKSAKT;Line;4813 pink lilac;4813 Pink Lilac 4813 Pink Lilac;7039560670883;21
EKSAKT;Line;6073 seaside navy;6073 Seaside Navy 6073 Seaside Navy;7039560670876;9
EKSAKT;Line;1001 true white;1001 True White;7039560670852;31
EKSAKT;Line;7911 mint green;7911 Mint Green 7911 Mint Green;7039560670890;20
EKSAKT;Line;4353 rustic rose;4353 Rustic Rose 4353 Rustic Rose;7039560670913;20
EKSAKT;Line;5223 lavendel;5223 Lavender 5223 Lavender;7039560670906;20
EKSAKT;Petunia;219 Natur;219 Natur;7045840022532;4
EKSAKT;Petunia;327 Stilk;327 Stilk;7045840155988;6
EKSAKT;Petunia;318 Eplehagen;318 Eplehagen;7045840144968;21
EKSAKT;Petunia;220 Beige;220 beige;7045840022549;14
EKSAKT;Petunia;221 Krem;221 Krem;7045840022556;0
EKSAKT;Petunia;296 Hvit;296 Hvit;7045840022860;-1
EKSAKT;Petunia;253 Lys grå;253 Lys grå;7045840022723;21
EKSAKT;Petunia;293 Grå;293 Grå;7045840022846;21
EKSAKT;Petunia;254 Gråblå;254 Gråblå;7045840078522;17
EKSAKT;Petunia;297 Sort;297 Sort;7045840022877;14
EKSAKT;Petunia;205 Lys gul;205 Lys Gul;7045840022464;15
EKSAKT;Petunia;206 Gul;206 Gul;7045840079666;9
EKSAKT;Petunia;216 Limegrønn;216 Limegrønn;7045840022501;6
EKSAKT;Petunia;217 Eplegrønn;217 Eplegrønn;7045840022518;20
EKSAKT;Petunia;215 Mørk grønn;215 Mørk grønn;7045840022495;10
EKSAKT;Petunia;301 Mørk petrol;301 Mørk Petrol;7045840142834;19
EKSAKT;Petunia;325 Frossengrønn;325 Frossengrønn;7045840155940;0
EKSAKT;Petunia;302 Grå mint;302 Grå Mint;7045840142858;11
EKSAKT;Petunia;342 Sjøgrønn;342 Sjøgrønn;7045840158262;7
EKSAKT;Petunia;348 Cerise;348 Cerise;7045840158347;11
EKSAKT;Petunia;248 Skarp rosa;248 Cerise;7045840022686;14
EKSAKT;Petunia;346 Rosa;346 Rosa;7045840158323;30
EKSAKT;Petunia;200 Lys rosa;200 Lys Rosa;7045840022433;6
EKSAKT;Petunia;237 Lys grålilla;237 Lys Grålilla;7045840022624;11
EKSAKT;Petunia;264 Lys lilla;264 Lys Lilla;7045840022754;8
EKSAKT;Petunia;329 Skumring;329 Skumring;7045840156022;8
EKSAKT;Petunia;270 Lys blå;270 Lys Blå;7045840022761;22
EKSAKT;Petunia;340 Frisk blå;340 Frisk blå;7045840158101;24
EKSAKT;Petunia;339 Turkis;339 Turkis;7045840156947;9
EKSAKT;Petunia;328 Aluminium;328 Aluminium;7045840156008;19
EKSAKT;Petunia;223 Lys kakigrønn;223 Lys Kakigrønn;7045840122041;20
EKSAKT;Petunia;212 Kakigrønn;212 Kakigrønn;7045840078539;11
EKSAKT;Petunia;277 Marineblå;277 Marine;7045840022815;17
EKSAKT;Petunia;300 Bondeblå;300 Bondeblå;7045840142810;4
EKSAKT;Petunia;275 Jeans;275 Jeans;7045840022808;11
EKSAKT;Petunia;271 Blå;271 Blå;7045840022778;16
EKSAKT;Petunia;336 Knall blå;336 Knall blå;7045840156169;12
EKSAKT;Petunia;324 Strå;324 Strå;7045840155926;2
EKSAKT;Petunia;344 Sennepsgul;344 Sennepsgul;7045840158286;2
EKSAKT;Petunia;278 Oransje;278 Oransje;7045840022822;14
EKSAKT;Petunia;225 Mørk oransje;225 Mørk Oransje;7045840122089;24
EKSAKT;Petunia;256 Rød;256 Rød;7045840022730;0
EKSAKT;Petunia;245 Korallrød;245 Korall;7045840022655;19
EKSAKT;Petunia;222 Mørk gammelrosa;222 Mørk Gammelrosa;7045840122027;0
EKSAKT;Plum;003 Natur;003 Natur;7045840019976;37
EKSAKT;Plum;001 Hvit;001 Hvit;7045840019969;31
EKSAKT;Plum;055 Lys beige;055 Lys Beige;7045840020101;16
EKSAKT;Plum;030 Beige;030 Beige;7045840020040;16
EKSAKT;Plum;081 Sort;081 Sort;7045840020187;18
EKSAKT;Plum;080 Mørk brun;080 Mørk Brun;7045840020170;0
EKSAKT;Plum;058 Lys blågrå;058 Lys Blågrå;7045840020125;16
EKSAKT;Plum;076 Gråblå;076 Gråblå;7045840123451;16
EKSAKT;Plum;067 Blek blå;067 Blek Blå;7045840020149;13
EKSAKT;Plum;069 Blå;069 Blå;7045840020156;24
EKSAKT;Plum;135 Mørk blå;135 Mørk Blå;7045840123550;22
EKSAKT;Plum;114 Petrol;114 Petrol-;7045840020262;27
EKSAKT;Plum;116 Marine;116 Marine;7045840020286;28
EKSAKT;Plum;018 grønn;018 Grønn;7045840123161;19
EKSAKT;Plum;191 Dus salvie;191 Dus Salvie;7045840148102;14
EKSAKT;Plum;173 Mosegrønn;173 Mosegrønn;7045840123475;26
EKSAKT;Plum;009 Skogsgrønn;009 Skogsgrønn;7045840019983;26
EKSAKT;Plum;708 Grønn;708 Grønn;7045840156350;12
EKSAKT;Plum;120 Emeraldgrønn;120 Emeraldgrønn;7045840159627;20
EKSAKT;Plum;117 Surt eple;117 Surt Eple;7045840159566;18
EKSAKT;Plum;040 Gammelrosa;040 Gammelrosa;7045840123796;18
EKSAKT;Plum;175 Pudder;175 Pudder;7045840147730;18
EKSAKT;Plum;176 Perle;176 Perle;7045840147754;17
EKSAKT;Plum;181 Limonade;181 Limonade;7045840147853;17
EKSAKT;Plum;097 okergul;097 Okergul;7045840123772;26
EKSAKT;Plum;273 rødlilla;273 Rødlilla;7045840123697;17
EKSAKT;Plum;123 Rosa;123 Rosa;7045840159689;17
EKSAKT;Plum;106 Knæsj rosa;106 Rosa;7045840020231;8
EKSAKT;Plum;185 Lys syrin;185 Lys Syrin;7045840147938;12
EKSAKT;Plum;057 Lys grå;057 Lys Grå;7045840020118;27
EKSAKT;Plum;110 Lilla;110 Lilla;7045840156374;18
EKSAKT;Plum;048 Lilla;048 Lilla;7045840123734;27
EKSAKT;Plum;178 Sval oransje;178 Sval oransje;7045840147792;3
EKSAKT;Plum;189 Dus valmue;189 Dus Valmue;7045840148065;3
EKSAKT;Plum;026 rustrød;026 Rustrød;7045840123611;10
EKSAKT;Plum;033 Brun;033 Brun;7045840123598;16
EKSAKT;Puno;811 Natur;811 Natur;7045840019204;19
EKSAKT;Puno;1315 Sand;1315 Sand;7045840076450;12
EKSAKT;Puno;1314 Beige;1314 Beige;7045840018986;21
EKSAKT;Puno;1310 Lys grå;1310 Lys Grå;7045840018962;31
EKSAKT;Puno;1311 Grå;1311 Grå;7045840018979;30
EKSAKT;Puno;2317 Mørk brun;2317 Mørk Brun;7045840019099;29
EKSAKT;Puno;2313 Koks grå;2313 Koksgrå;7045840019082;25
EKSAKT;Puno;2325 Svart;2325 Svart;7045840019129;30
EKSAKT;Puno;343 Marineblå;343 Marineblå;7045840154394;9
EKSAKT;Puno;5302 Jeansblå;5302 Jeansblå;7045840019174;29
EKSAKT;Puno;541 Innsjø;541 Innsjø;7045840154417;15
EKSAKT;Puno;5114 Lys blå;5114 Lys Blå;7045840019150;21
EKSAKT;Puno;324 Dus salvie;324 Dus Salvie;7045840154554;13
EKSAKT;Puno;5434 Burgunder;5434 Burgunder;7045840019198;11
EKSAKT;Puno;5113 Cerise;5113 Cerise;7045840019143;21
EKSAKT;Puno;608 Lys rosa;608 Lys Rosa;7045840142308;21
EKSAKT;Puno;6750 Lys lilla;6750 Lys Lilla;7045840142414;16
EKSAKT;Puno;1358 Oransje;1358 Oransje;7045840157173;7
EKSAKT;Puno;537 Honning;537 Honning;7045840154592;34
EKSAKT;Puno;0956 Liljegul;956 Liljegul;7045840157135;20
EKSAKT;Puno;6737 Lys gul;6737 Lys Gul;7045840142360;26
EKSAKT;Puno;21745 Mørk mosegrønn melange;21745 Mørk Mosegrønn Melange;7045840019013;23
EKSAKT;Puno;6742 Mørk grønn;6742 Mørk Grønn;7045840144395;5
EKSAKT;Puno;329 Sypress;329 Sypress;7045840154530;20
EKSAKT;Lerke;0017 Halvbleket hvit;0017 Halvbleket hvit;7054880314224;26
EKSAKT;Lerke;0020 Ubleket hvit;0020 Ubleket hvit;7054880278304;13
EKSAKT;Lerke;2641 Kamel;2641 Kamel;7054880278243;12
EKSAKT;Lerke;3041 Nougat;3041 Nougat;7054880300135;16
EKSAKT;Lerke;4018 Rød;4018 Rød;7054880300159;4
EKSAKT;Lerke;5563 Marine;5563 Marine;7054880300197;8
EKSAKT;Lerke;5845 Blå;5845 Blå;7054880289034;16
EKSAKT;Lerke;8101 Jadegrønn;8101 Jadegrønn;7023791150863;5
EKSAKT;Lerke;8105 Mørk denim;8105 Mørk denim;7023791150900;16
EKSAKT;Lerke;8107 Svart;8107 Svart;7023791150924;8
EKSAKT;Lerke;8137 Lys jade;8137 Lys jade;7023790528243;14
EKSAKT;Peer Gynt;2720 marsipan tutti frutti tweed;2720 Marsipan Tutti Frutti Tweed;7039560021029;15
EKSAKT;Peer Gynt;2730 beigemelert natur tweed;2730 Beigemelert natur tweed;7039560021081;30
EKSAKT;Peer Gynt;2745 cognac;2745 Cognac;7039560021418;13
EKSAKT;Peer Gynt;3800 bristol black;3800 Bristol Black;7039560021104;18
EKSAKT;Peer Gynt;3854 spiced apple;3854 Spiced Apple;7039560021210;10
EKSAKT;Peer Gynt;4018 scarlet red;4018 Scarlet Red;7039560021302;22
EKSAKT;Peer Gynt;5811 arctic ice;5811 Arctic Ice;7039560021401;20
EKSAKT;Peer Gynt;5845 dazzling blue;5845 Dazzling Blue;7039560021425;27
EKSAKT;Peer Gynt;6044 ragatta blaa;6044 Regatta blå;7039560021371;11
EKSAKT;Peer Gynt;7281 dyp petrol;7281 Dyp petrol;7039560020947;19
EKSAKT;Peer Gynt;8733 spring green;8733 Spring Green;7039560021357;16
EKSAKT;Peer Gynt;9080 urban chic;9080 Urban Chic;7039560021166;16
EKSAKT;Peer Gynt;9873 dark olive;9873 Dark Olive;7039560021432;20
EKSAKT;Peer Gynt;1001 hvit;1001 Optisk hvit;7039560020015;21
EKSAKT;Peer Gynt;1002 hvit;1002 Hvit;7039560020022;33
EKSAKT;Peer Gynt;1012 natur;1012 Natur;7039560020039;25
EKSAKT;Peer Gynt;1032 lys gramelert;1032 Lys gråmelert;7039560020046;25
EKSAKT;Peer Gynt;1035 lys gramelert lovfall tweed;1035 Lys Gråmelert Løvfall Tweed;7039560021043;34
EKSAKT;Peer Gynt;1042 gramelert;1042 Gråmelert;7039560020053;59
EKSAKT;Peer Gynt;1044 natur m tutti frutti tweed;1044 Natur tutti frutti tweed;7039560021364;24
EKSAKT;Peer Gynt;1053 mork gramelert;1053 Mørk gråmelert;7039560020077;10
EKSAKT;Peer Gynt;1088 koksmelert;1088 Koksmelert;7039560020084;50
EKSAKT;Peer Gynt;1099 svart;1099 Sort;7039560020091;56
EKSAKT;Peer Gynt;1502 lys gramelert bla tweed;1502 Lys Gråmelert Blå Tweed;7039560021050;20
EKSAKT;Peer Gynt;2321 marsipan;2321 Marsipan;7039560020794;42
EKSAKT;Peer Gynt;2523 natur tweed;2523 Natur Tweed;7039560020114;33
EKSAKT;Peer Gynt;2564 gyllenbrun;2564 Gyllenbrun;7039560020749;13
EKSAKT;Peer Gynt;2650 grabeige melert;2650 Gråbeige melert;7039560020398;26
EKSAKT;Peer Gynt;2652 mellombrun melert;2652 Mellombrun melert;7039560020381;27
EKSAKT;Peer Gynt;3021 lys beigemelert;3021 Lys Beigemelert;7039560020534;41
EKSAKT;Peer Gynt;3082 brun;3082 Brun;7039560020145;49
EKSAKT;Peer Gynt;3161 eikenott;3161 Eikenøtt;7039560020152;34
EKSAKT;Peer Gynt;3819 spicy orange;3819 Spicy Orange;7039560020961;26
EKSAKT;Peer Gynt;4228 rod;4228 Rød;7039560020183;16
EKSAKT;Peer Gynt;4255 rumba red;4255 Rumba Red;7039560021388;8
EKSAKT;Peer Gynt;4363 vinr d;4363 Vinrød;7039560021227;13
EKSAKT;Peer Gynt;5575 marine;5575 Marine;7039560020213;38
EKSAKT;Peer Gynt;6046 jolly blue;6046 Jolly Blue;7039560020886;19
EKSAKT;Peer Gynt;6062 mork bla;6062 Mørk Blå;7039560020756;37
EKSAKT;Peer Gynt;6324 blamelert;6324 Blåmelert;7039560020565;38
EKSAKT;Peer Gynt;6364 mork bla;6364 Mørk blå;7039560020374;46
EKSAKT;Peer Gynt;6572 mork bla;6572 Mørk blå;7039560020633;21
EKSAKT;Peer Gynt;6581 mork grabla;6581 Mørk Gråblå;7039560020831;46
EKSAKT;Peer Gynt;8051 eukalyptus;8051 Eukalyptus;7039560020848;29
EKSAKT;Peer Gynt;8082 skoggronn;8082 Skoggrønn;7039560020855;53
EKSAKT;Peer Gynt;8236 jelly bean green;8236 Jellybean green;7039560020879;30
EKSAKT;Peer Gynt;9572 mork gronnmelert;9572 Mørk Grønnmelert;7039560020275;29
EKSAKT;Peer Gynt;4672 bjornebaersaft;4672 Bjørnebærsaft;7039560020954;24
EKSAKT;Peer Gynt;4626 shocking pink;4626 Shocking Pink;7039560020985;1
EKSAKT;Peer Gynt;8753 vineyard green;8753 Vineyard Green;7039560021470;19
EKSAKT;Peer Gynt;2152 vintage gold;2152 Vintage Gold;7039560021494;20
EKSAKT;Peer Gynt;3342 mocha mousse;3342 Mocha Mousse;7039560021487;20
EKSAKT;Peer Gynt;7772 rainforest;7772 Rain Forest;7039560021500;20
EKSAKT;Peer Gynt;2641 naturmelert;2641 Naturmelert;7039560021463;43
EKSAKT;Peer Gynt;5585 marinebla tweed;"5585 Marinebl&aring; m/ Natur Tweed";7039560021531;20
EKSAKT;Peer Gynt;8085 gronn tweed;"8085 Skoggr&oslash;nn m/ Natur Tweed";7039560021524;18
EKSAKT;Peer Gynt;3085 brun tweed;"3085 M&oslash;rk Brun m/ Natur Tweed";7039560021517;15
EKSAKT;Peer Gynt;7911 mint;7911 Mint Green;7039560021609;19
EKSAKT;Peer Gynt;4202 lotus;4202 Lotus;7039560021616;13
EKSAKT;Peer Gynt;9602 lemonade;9602 Lemonade;7039560021593;18
EKSAKT;Lille Lerke;0017 Halvbleket hvit;0017 Halvbleket hvit;7054880314095;10
EKSAKT;Lille Lerke;0020 Ubleket hvit;0020 Ubleket hvit;7054880003289;2
EKSAKT;Lille Lerke;4018 Rød;4018 Rød;7023791150986;0
EKSAKT;Lille Lerke;5563 Marine;5563 Marine;7054880312800;14
EKSAKT;Lille Lerke;8101 Jadegrønn;8101 Jadegrønn;7023791151006;5
EKSAKT;Lille Lerke;8104 Dus gammelrosa;8104 Dus gammelrosa;7023791151037;2
EKSAKT;Lille Lerke;8105 Mørk denim;8105 Mørk denim;7023791151044;18
EKSAKT;Lille Lerke;8107 Svart;8107 Svart;7000001002846;6
EKSAKT;Lille Lerke;8121 Dus rosa;8121 Dus rosa;7023791153628;9
EKSAKT;Lille Lerke;8133 Lys denim;8133 Lys denim;7023790511764;7
EKSAKT;Lille Lerke;8137 Lys jade;8137 Lys jade;7023790528342;3
EKSAKT;Lille Lerke;8151 Sand;8151 Sand;7023790548920;10
EKSAKT;Perfect;1002 hvit;1002 Hvit;7039560140195;0
EKSAKT;Perfect;1042 graamelert;1042 Gråmelert;7039560140034;23
EKSAKT;Perfect;1053 mork graamelert;1053 Mørk gråmelert;7039560140041;14
EKSAKT;Perfect;1088 koksmelert;1088 Koksmelert;7039560140058;18
EKSAKT;Perfect;1099 svart;1099 Sort;7039560140065;22
EKSAKT;Perfect;2650 lys beigemelert;2650 Lys Beigemelert;7039560140355;23
EKSAKT;Perfect;4219 rod;4219 Rød;7039560140096;1
EKSAKT;Perfect;5575 marine;5575 Marine;7039560140102;0
EKSAKT;Perfect;6062 mork blaa;6062 Mørk Blå;7039560140508;14
EKSAKT;Perfect;6553 petrol;6553 Petrol;7039560140331;25
EKSAKT;Perfect;8051 eukalyptus;8051 Eukalyptus;7039560140607;12
EKSAKT;Perfect;8581 dyp skoggronn;8581 Dyp skoggrønn;7039560140614;19
EKSAKT;Perfect;3880 mork sjokolade;3880 Mørk sjokolade;7039560140676;11
EKSAKT;Perfect;2321 marsipan;2321 Marsipan;7039560140690;17
EKSAKT;Perfect;9573 mosegr nn;9573 Mosegrønn;7039560140720;21
EKSAKT;Perfect;4255 rumba red;4255 Rumba Red;7039560140744;20
EKSAKT;Perfect;4600 jazzy pink;4600 Jazzy Pink;7039560140751;10
EKSAKT;SUNDAY PetiteKnit;3091 cacao nibs;3091 PetiteKnit Cacao Nibs;7039560031462;18
EKSAKT;SUNDAY PetiteKnit;4008 poppy;4008 PetiteKnit Poppy;7039560031493;12
EKSAKT;SUNDAY PetiteKnit;4304 plastic pink;4304 PetiteKnit Plastic Pink;7039560031486;11
EKSAKT;SUNDAY PetiteKnit;5012 perfect purple;5012 Petiteknit Perfect Purple;7039560031615;20
EKSAKT;SUNDAY PetiteKnit;5591 night sky;5591 PetiteKnit Night Sky;7039560031523;28
EKSAKT;SUNDAY PetiteKnit;1012;1012 PetiteKnit Whipped Cream;7039560030687;32
EKSAKT;SUNDAY PetiteKnit;2511 almond;2511 PetiteKnit Almond;7039560031165;15
EKSAKT;SUNDAY PetiteKnit;2542 camel;2542 PetiteKnit Camel;7039560030762;22
EKSAKT;SUNDAY PetiteKnit;3821 kardemomme;3821 PetiteKnit Kardemomme;7039560031356;11
EKSAKT;SUNDAY PetiteKnit;6043;6043 PetiteKnit Baby Blue Eyes;7039560030755;29
EKSAKT;SUNDAY PetiteKnit;6046 electric blue;6046 PetiteKnit Electric Blue;7039560031240;23
EKSAKT;SUNDAY PetiteKnit;6050 above the clouds;6050 PetiteKnit Above The Clouds;7039560031509;24
EKSAKT;SUNDAY PetiteKnit;9581 pine;9581 PetiteKnit Pine;7039560031479;24
EKSAKT;SUNDAY PetiteKnit;9564 matcha;9564 Matcha;7039560031790;22
EKSAKT;SUNDAY PetiteKnit;9533 green tea;9533 PetiteKnit Green Tea;7039560031806;9
EKSAKT;SUNDAY PetiteKnit;2013 pineapple;2013 PetiteKnit Pineapple;7039560031769;23
EKSAKT;Merci;1390 Salvia;1390 Salvia;5709673003015;18
EKSAKT;Merci;618 Mojito;618 Mojito;5709673004364;14
EKSAKT;Merci;619 Grasshopper;619 Grasshopper;5709673004371;16
EKSAKT;Merci;602 Fern;602 Fern;5709673003466;18
EKSAKT;Merci;1061 Bluestone;1061 Bluestone;5709673002971;13
EKSAKT;Merci;601 Flint;601 Flint;5709673003459;25
EKSAKT;Merci;9245 Baby Blue;9245 Baby Blue;5709673003077;14
EKSAKT;Merci;603 Maomao;603 Maomao;5709673003473;15
EKSAKT;Merci;604 Kattegat;604 Kattegat;5709673003480;6
EKSAKT;Merci;606 Grape;606 Grape;5709673003503;16
EKSAKT;Merci;607 Sweet Plum;607 Sweet Plum;5709673003510;21
EKSAKT;Merci;1770 Fairy;1770 Fairy;5709673003039;19
EKSAKT;Merci;608 Mulberry;608 Mulberry;5709673003527;14
EKSAKT;Merci;613 Cosmopolitan;613 Cosmopolitan;5709673004319;10
EKSAKT;Merci;4142 Cherry Blossom;4142 Cherry Blossom;5709673003060;9
EKSAKT;Merci;1130 Light Peach;1130 Light Peach;5709673003008;28
EKSAKT;Merci;2010 Strawberry Ice Cream;2010 Strawberry Ice Cream;5709673003046;24
EKSAKT;Merci;609 Rosehip;609 Rosehip;5709673003534;17
EKSAKT;Merci;1636 Papaya;1636 Papaya;5709673003022;12
EKSAKT;Merci;614 Strawberry Daiquiri;614 Strawberry Daiquiri;5709673004326;25
EKSAKT;Merci;615 Filur;615 Filur;5709673004333;8
EKSAKT;Merci;616 Mai Tai;616 Mai Tai;5709673004340;7
EKSAKT;Merci;1110 Duckling;1110 Duckling;5709673002995;20
EKSAKT;Merci;611 Honeydew;611 Honeydew;5709673003558;7
EKSAKT;Merci;610 Gingerbread;610 Gingerbread;5709673003541;9
EKSAKT;Merci;3249 Terra;3249 Terra;5709673003053;18
EKSAKT;Merci;612 Marshland;612 Marshland;5709673003565;7
EKSAKT;Merci;620 Tom Collins;620 Tom Collins;5709673004388;26
EKSAKT;Merci;101 Natural White;101 Natural White;5709673003442;17
EKSAKT;Merci;1090 White;1090 White;5709673002988;14
EKSAKT;DOUBLE SUNDAY PetiteKnit;1012 whipped cream;1012 PetiteKnit Whipped Cream;7039560070539;23
EKSAKT;DOUBLE SUNDAY PetiteKnit;2511 almond;2511 PetiteKnit Almond;7039560070560;28
EKSAKT;DOUBLE SUNDAY PetiteKnit;2542 camel;2542 PetiteKnit Camel;7039560070553;22
EKSAKT;DOUBLE SUNDAY PetiteKnit;3819 that orange feeling;3819 PetiteKnit That Orange Feeling;7039560070522;8
EKSAKT;DOUBLE SUNDAY PetiteKnit;3821 kardemomme;3821 PetiteKnit Kardemomme;7039560070645;40
EKSAKT;DOUBLE SUNDAY PetiteKnit;6046 electric blue;6046 PetiteKnit Electric Blue;7039560070591;14
EKSAKT;DOUBLE SUNDAY PetiteKnit;8236 statement green;8236 PetiteKnit Statement Green;7039560070621;11
EKSAKT;DOUBLE SUNDAY PetiteKnit;4008 poppy;4008 PetiteKnit Poppy;7039560071185;15
EKSAKT;DOUBLE SUNDAY PetiteKnit;5591 night sky;5591 PetiteKnit Night Sky;7039560071314;11
EKSAKT;DOUBLE SUNDAY PetiteKnit;5012 perfect purple;5012 Petiteknit Perfect Purple;7039560071338;9
EKSAKT;DOUBLE SUNDAY PetiteKnit;7723 mint;7723 PetiteKnit Mint;7039560071345;20
EKSAKT;DOUBLE SUNDAY PetiteKnit;9533 green tea;9533 PetiteKnit Green Tea;7039560071369;17
EKSAKT;DOUBLE SUNDAY PetiteKnit;6050 above the clouds;6050 PetiteKnit Above The Clouds;7039560071307;24
EKSAKT;DOUBLE SUNDAY PetiteKnit;6043 baby blue eyes;6043 PetiteKnit Baby Blue Eyes;7039560071321;23
EKSAKT;DOUBLE SUNDAY PetiteKnit;2013 pineapple;2013 PetiteKnit Pineapple;7039560071291;16
EKSAKT;DOUBLE SUNDAY PetiteKnit;4604 flamingo;4604 PetiteKnit Flamingo;7039560071352;7
EKSAKT;DOUBLE SUNDAY PetiteKnit;9564 matcha;9564 Matcha;7039560071383;15
EKSAKT;Paia;707 Ruby Shimmer;707 Ruby Shimmer;5709673003831;4
EKSAKT;Paia;708 Pink Shimmer;708 Pink Shimmer;5709673003848;2
EKSAKT;Paia;709 Rose Shimmer;709 Rose Shimmer;5709673003855;11
EKSAKT;Paia;704 Peach Shimmer;704 Peach Shimmer;5709673003800;6
EKSAKT;Paia;703 Gold Shimmer;703 Gold Shimmer;5709673003794;9
EKSAKT;Paia;705 Copper Shimmer;705 Copper Shimmer;5709673003817;6
EKSAKT;Paia;706 Chocolate Shimmer;706 Chocolate Shimmer;5709673003824;12
EKSAKT;Paia;700 Black Shimmer;700 Black Shimmer;5709673003763;6
EKSAKT;Paia;701 Diamond Shimmer;701 Diamond Shimmer;5709673003770;5
EKSAKT;Paia;702 Silver Shimmer;702 Silver Shimmer;5709673003787;14
EKSAKT;Paia;710 Ocean Shimmer;710 Ocean Shimmer;5709673003862;8
EKSAKT;Alpakka Forte;701 Lattebeige melert;701 Latte beige melert;7023791153987;0
EKSAKT;Alpakka Forte;703 Varm terracotta melert;703 Varm terracotta melert;7023791154007;0
EKSAKT;Alpakka Forte;707 Denim melert;707 Denim melert;7023791154045;0
EKSAKT;Alpakka Forte;708 Indigo melert;708 Indigo melert;7023791154052;0
EKSAKT;Alpakka Forte;709 Varm brun melert;709 Varmbrun melert;7023791154069;0
EKSAKT;Alpakka Forte;710 Koks melert;710 Koks melert;7023791154076;0
EKSAKT;Alpakka Forte;711 Natur;711 Natur;7023791154601;0
EKSAKT;Alpakka Forte;713 Lys sjøgrønn melert;713 Lys sjøgrønn melert;7023791154625;0
EKSAKT;Alpakka Forte;714 Lys denim melert;714 Lys denim melert;7023791154632;-1
EKSAKT;Alpakka Forte;715 Grå melert;715 Grå melert;7023790510385;0
EKSAKT;Alpakka Forte;716 Lys grå melert;716 Lys grå melert;7023790510408;-1
EKSAKT;Alpakka Forte;717 Hvit;717 Hvit;7023790510422;0
EKSAKT;Alpakka Forte;718 Maisgul melert;718 Maisgul melert;7023790510446;0
EKSAKT;Alpakka Forte;723 Petrol melert;723 Petrol melert;7023790510545;-8
EKSAKT;Alpakka Forte;726 Kamel;726 Kamel;7023790537214;1
EKSAKT;Alpakka Forte;727 Skogsgrønn melert;727 Skoggrønn melert;7023790537238;0
EKSAKT;Alpakka Forte;733 Svart;733 Svart;7023790588681;0
EKSAKT;Alpakka Forte;738 Skarp grønn;738 Skarp grønn;7023790588803;0
EKSAKT;Alpakka Forte;740 Oransje;740 Oransje;7023790588858;2
EKSAKT;Alpakka Forte;744 Pink;744 Pink;7023790588926;0
EKSAKT;Peer Gynt PetiteKnit;1065 koksgra melange;1065 PetiteKnit Charcoal Melange;7039560021258;47
EKSAKT;Peer Gynt PetiteKnit;2512 almond tweed;2512 PetiteKnit Almond Tweed;7039560021234;9
EKSAKT;Peer Gynt PetiteKnit;3070 muskat melange;3070 PetiteKnit Muskat Melange;7039560021265;24
EKSAKT;Peer Gynt PetiteKnit;3091 cacao nibs;3091 PetiteKnit Cacao Nibs;7039560021203;50
EKSAKT;Peer Gynt PetiteKnit;4008 poppy;4008 PetiteKnit Poppy;7039560021142;0
EKSAKT;Peer Gynt PetiteKnit;5012 perfect purple;5012 Petiteknit Perfect Purple;7039560021241;13
EKSAKT;Peer Gynt PetiteKnit;5591 night sky;5591 PetiteKnit Night Sky;7039560021111;34
EKSAKT;Peer Gynt PetiteKnit;9564 matcha;9564 Matcha;7039560021449;33
EKSAKT;Peer Gynt PetiteKnit;1021 lys graa melange;1021 PetiteKnit Ash Melange;7039560021272;45
EKSAKT;Peer Gynt PetiteKnit;2511 almond;2511 PetiteKnit Almond;7039560021173;18
EKSAKT;Peer Gynt PetiteKnit;3891 dusty noir;3891 Dusty Noir;7039560021555;19
EKSAKT;Peer Gynt PetiteKnit;4682 velvet fig;4682 Velvet Fig;7039560021548;24
EKSAKT;Peer Gynt PetiteKnit;6082 thunderstorm;6082 Thunderstorm;7039560021579;15
EKSAKT;Peer Gynt PetiteKnit;6351 september sky;6351 September Sky;7039560021562;20
EKSAKT;Peer Gynt PetiteKnit;4253 sienna;4253 Sienna;7039560021586;19
EKSAKT;Alpakka Tweed;101 Grå;101 Grå;7071765250002;0
EKSAKT;Alpakka Tweed;102 Mørk grå;102 Mørk grå;7071765250019;0
EKSAKT;Alpakka Tweed;104 Blå;104 Blå;7071765250033;0
EKSAKT;Alpakka Tweed;107 Beige;107 Beige;7071765250064;27
EKSAKT;Alpakka Tweed;110 Oliven;110 Oliven;7071765250095;0
EKSAKT;Alpakka Tweed;112 Brun;112 Brun;7071765250118;15
EKSAKT;Alpakka Tweed;113 Natur;113 Natur;7071765250743;21
EKSAKT;Alpakka Tweed;116 Dyp rød;116 Dyp rød;7071765251962;21
EKSAKT;Alpakka Tweed;120 Rød;120 Rød;7023790510606;26
EKSAKT;Alpakka Tweed;132 Furugrønn;132 Furugrønn;7023790548159;0
EKSAKT;Alpakka Tweed;133 Indigo;133 Indigo;7023790548173;0
EKSAKT;Alpakka Følgetråd;1015 kitt;1015 Kitt;7039560090353;19
EKSAKT;Alpakka Følgetråd;1032 lys gramelert;1032 Lys gråmelert;7039560090377;21
EKSAKT;Alpakka Følgetråd;2321 marsipan;2321 Marsipan;7039560090360;12
EKSAKT;Alpakka Følgetråd;6581 mork grabla;6581 Mørk Gråblå;7039560090384;13
EKSAKT;Alpakka Følgetråd;1002 hvit;1002 Hvit;7039560090414;10
EKSAKT;Alpakka Følgetråd;1099 sort;1099 Sort;7039560090421;9
EKSAKT;Alpakka Følgetråd;3161 eikenott;3161 Eikenøtt;7039560090438;4
EKSAKT;Alpakka Følgetråd;5882 marinebla;5882 Marineblå;7039560090445;27
EKSAKT;Alpakka Følgetråd;1042 gra melert;1042 Gråmelert;7039560090469;21
EKSAKT;Alpakka Følgetråd;2650 beigemelert;2650 Lys Beigemelert;7039560090476;27
EKSAKT;Alpakka Følgetråd;3091 cacao nibs;3091 PetiteKnit Cacao Nibs;7039560090513;16
EKSAKT;Alpakka Følgetråd;9080 urban chick;9080 Urban Chic;7039560090506;13
EKSAKT;Alpakka Følgetråd;4018 scarlet red;4018 Scarlet Red;7039560090537;16
EKSAKT;Alpakka Følgetråd;5811 arctic ice;5811 Arctic Ice;7039560090612;18
EKSAKT;Alpakka Følgetråd;1053 mork graamelert;1053 Mørk gråmelert;7039560090551;9
EKSAKT;Alpakka Følgetråd;5845 dazzling blue;5845 Dazzling Blue;7039560090568;15
EKSAKT;Alpakka Følgetråd;4255 rumba red;4255 Rumba Red;7039560090599;14
EKSAKT;Alpakka Følgetråd;3509 ballet tutu;3509 Ballet tutu;7039560090575;23
EKSAKT;Alpakka Følgetråd;9873 dark olive;9873 Dark Olive;7039560090605;17
EKSAKT;Alpakka Følgetråd;4372 dyp burgunder;4372 Dyp Burgunder;7039560090629;12
EKSAKT;Alpakka Følgetråd;9564 matcha;9564 Matcha;7039560090643;10
EKSAKT;Alpakka Følgetråd;9523 lime punch;9523 Lime Punch;7039560090636;19
EKSAKT;Alpakka Følgetråd;2152 vintage gold;2152 Vintage Gold;7039560090704;20
EKSAKT;Alpakka Følgetråd;4219 rod;4219 Rød;7039560090650;16
EKSAKT;Alpakka Følgetråd;5824 provence blue;5824 Provence Blue;7039560090674;15
EKSAKT;Alpakka Følgetråd;7772 rainforest;7772 Rain Forest;7039560090698;20
EKSAKT;Alpakka Følgetråd;7911 mint green;7911 Mint Green;7039560090735;20
EKSAKT;Poppy;2311 autumn leaf;2311 Autumn Leaf;7039560789202;6
EKSAKT;Poppy;1010 tutti frutti;1010 Tutti Frutti;7039560789141;22
EKSAKT;Poppy;1050 cloud in the sky;1050 Cloud in the sky;7039560789189;16
EKSAKT;Poppy;8733 spring green;8733 Spring Green;7039560791519;5
EKSAKT;Poppy;4213 blossom;4213 Blossom;7039560789226;11
EKSAKT;Poppy;2611 beigemelert;2611 Beigemelert;7039560789219;28
EKSAKT;Poppy;1002 hvit;1002 Hvit;7039560791540;20
EKSAKT;Poppy;1021 lys graamelert;1021 Lys Gråmelert;7039560791526;29
EKSAKT;Poppy;5575 marineblaa;5575 Marine;7039560791793;28
EKSAKT;Poppy;2581 after dark;2581 After Dark;7039560792226;14
EKSAKT;Poppy;3400 chocolate chip cookies;3400 Chocolate Chip Cookie;7039560792387;16
EKSAKT;Poppy;1045 grey marble;1045 Grey Marble;7039560792370;20
EKSAKT;Poppy;4510 cranberry crush;4510 Cranberry Crush;7039560792462;17
EKSAKT;Poppy;2110 tutti frutti sunshine;2110 Tutti Frutti Sunshine;7039560792455;16
EKSAKT;Poppy;8520 green marble;8520 Green Marble;7039560792479;15
EKSAKT;Primo Tynn Silk Mohair;2573 monks robe;"2573 Monk&#039;s Robe";7039560811309;13
EKSAKT;Primo Tynn Silk Mohair;3091 cacao nibs;3091 Cacao Nibs ;7039560811293;11
EKSAKT;Primo Tynn Silk Mohair;4381 dark fudge;4381 Dark Fudge;7039560811316;20
EKSAKT;Primo Tynn Silk Mohair;1012 natur;1012 Natural White;7039560811255;28
EKSAKT;Primo Tynn Silk Mohair;1022 lys gramelert;1022 Light Grey Melange;7039560811330;20
EKSAKT;Primo Tynn Silk Mohair;1099 svart;1099 Black;7039560811347;17
EKSAKT;Primo Tynn Silk Mohair;2321 marsipan;2321 Marzipan;7039560811262;7
EKSAKT;Primo Tynn Silk Mohair;3021 lys beige;3021 Light Beige;7039560811279;21
EKSAKT;Primo Tynn Silk Mohair;5581 dyp marine;5581 Blue Depth;7039560811323;13
EKSAKT;Primo Tynn Silk Mohair;3161 eikenott;3161 Acorn;7039560811286;20
EKSAKT;Primo Tynn Silk Mohair;4518 hot pink;4518 Hot Pink;7039560811415;20
EKSAKT;Primo Tynn Silk Mohair;6012 summer sky;6012 Summer Sky;7039560811422;18
EKSAKT;Primo Tynn Silk Mohair;8521 dusty light green;8521 Dusty Light Green;7039560811439;16
EKSAKT;Alpakka Silke;1002 hvit;1002 Hvit;7039560660075;1
EKSAKT;Alpakka Silke;1015 kitt;1015 Kitt;7039560660235;22
EKSAKT;Alpakka Silke;1042 lys gramelert;1042 Gråmelert;7039560660037;26
EKSAKT;Alpakka Silke;1099 svart;1099 Sort;7039560660082;27
EKSAKT;Alpakka Silke;2521 sand;2521 Sand;7039560660266;27
EKSAKT;Alpakka Silke;3511 pudder rosa;3511 Pudderrosa;7039560660143;26
EKSAKT;Alpakka Silke;4331 gammelrosa;4331 Gammelrosa;7039560660358;0
EKSAKT;Alpakka Silke;4372 burgundy;4372 Burgundy;7039560660518;9
EKSAKT;Alpakka Silke;6041 stovet bla;6041 Støvet Blå;7039560660310;3
EKSAKT;Alpakka Silke;6052 jeansbla;6052 Jeansblå;7039560660341;10
EKSAKT;Alpakka Silke;6081 dyp bla;6081 Mørk Blågrå;7039560660204;14
EKSAKT;Alpakka Silke;7521 lys grabla;7521 Lys Gråblå;7039560660181;22
EKSAKT;Alpakka Silke;7572 petroleum;7572 Petroleum;7039560660211;28
EKSAKT;Alpakka Silke;8521 stovet lys gronn;8521 Dusty Light Green;7039560660525;26
EKSAKT;Alpakka Silke;2511 mandel;2511 Mandel;7039560660549;17
EKSAKT;Alpakka Silke;3161 eikenott;3161 Eikenøtt;7039560660006;20
EKSAKT;Alpakka Silke;3821 kardemomme;3821 Kardemomme;7039560660563;16
EKSAKT;Alpakka Silke;4304 pink icing;4304 Pink Icing;7039560660631;24
EKSAKT;Alpakka Silke;3591 chocolate plum;3591 Chocolate Plum;7039560660655;1
EKSAKT;Alpakka Silke;9564 matcha;9564 Matcha;7039560660662;20
EKSAKT;Alpakka Silke;4135 heritage red;4135 Heritage Red;7039560660679;20
EKSAKT;Alpakka Silke;2112 soft sunlight;2112 Soft Sunlight;7039560660686;16
EKSAKT;Pernilla;369 Slightly Purple;369 Slightly Purple;5709673005323;13
EKSAKT;Pernilla;815 Lavender Grey (melange);815 Lavender Grey;5709673003213;10
EKSAKT;Pernilla;829 Malva (melange);829 Malva melange;5709673003343;8
EKSAKT;Pernilla;807 Boysenberry (melange);807 Boysenberry Melange;5709673003169;17
EKSAKT;Pernilla;804 Merlot (melange);804 Merlot Melange;5709673003152;12
EKSAKT;Pernilla;317 Cerise;317 Cerise;5709673003121;11
EKSAKT;Pernilla;370 Flamingo;370 Flamingo;5709673004845;12
EKSAKT;Pernilla;334 Light Blush;334 Light Blush;5709673003138;13
EKSAKT;Pernilla;830 Ranunculus (melange);830 Ranunculus;5709673003671;10
EKSAKT;Pernilla;254 Coral;254 Coral;5709673004821;17
EKSAKT;Pernilla;831 Tangelo (melange);831 Tangelo;5709673004593;9
EKSAKT;Pernilla;218 Chinese Red;218 Chinese Red;5709673003657;15
EKSAKT;Pernilla;810 Chrysantemum (melange);810 Chrysanthemum Melange;5709673003183;8
EKSAKT;Pernilla;357 Sumac;357 Sumac;5709673004586;3
EKSAKT;Pernilla;817 Cinnamon (melange);817 Cinnamon Melange;5709673003220;18
EKSAKT;Pernilla;366 Sugar Almond;366 Sugar Almond;5709673005316;27
EKSAKT;Pernilla;827 Dijon (melange);827 Dijon melange;5709673003329;15
EKSAKT;Pernilla;196 French Vanilla;196 French Vanilla;5709673004562;19
EKSAKT;Pernilla;825 Acacia (melange);825 Acacia melange;5709673003305;9
EKSAKT;Pernilla;824 Parrot Green (melange);824 Parrot Green Melange;5709673003299;11
EKSAKT;Pernilla;346 Thuja;346 Thuja;5709673003145;13
EKSAKT;Pernilla;822 Willow (melange);822 Willow Melange;5709673003275;9
EKSAKT;Pernilla;814 Storm Blue (melange);814 Storm Blue Melange;5709673003206;20
EKSAKT;Pernilla;192 Steel Blue;192 Steel Blue;5709673005293;14
EKSAKT;Pernilla;808 Aqua Mist (melange);808 Aqua Mist Melange;5709673003176;27
EKSAKT;Pernilla;368 Eucalyptus;368 Eucalyptus;5709673005309;17
EKSAKT;Pernilla;333 Seafoam;333 Seafoam;5709673004579;12
EKSAKT;Pernilla;819 Raindrop (melange);819 Raindrop melange;5709673003244;23
EKSAKT;Pernilla;812 Granite (melange);812 Granite Melange;5709673003190;22
EKSAKT;Pernilla;828 Tropical Sea (melange);828 Tropical Sea;5709673003336;23
EKSAKT;Pernilla;818 Fisherman Blue (melange);818 Fisherman Blue Melange;5709673003237;8
EKSAKT;Pernilla;145 Navy Blue;145 Navy Blue;5709673003114;14
EKSAKT;Pernilla;102 Black;102 Black;5709673003107;22
EKSAKT;Pernilla;956 Charcoal (melange);956 Charcoal Melange;5709673003374;12
EKSAKT;Pernilla;954 Light Grey (melange);954 Light Grey Melange;5709673003350;13
EKSAKT;Pernilla;957 Very Light Grey (melange);957 Very Light Grey Melange;5709673003381;11
EKSAKT;Pernilla;101 Natural White;101 Natural White;5709673003091;19
EKSAKT;Pernilla;977 Marzipan (melange);977 Marzipan Melange;5709673003411;18
EKSAKT;Pernilla;364 Chai;364 Chai;5709673004838;15
EKSAKT;Pernilla;978 Oatmeal (melange);978 Oatmeal Melange;5709673003428;16
EKSAKT;Pernilla;973 Nougat (melange);973 Nougat Melange;5709673003398;2
EKSAKT;Pernilla;975 Dark Chocolate (melange);975 Dark Chocolate Melange;5709673003404;12
EKSAKT;Alpakka Wool;501 Natur;501 Natur;7071765250774;0
EKSAKT;Alpakka Wool;502 Lys grå melert;502 Lys grå melert;7071765250781;0
EKSAKT;Alpakka Wool;503 Mørk grå melert;503 Mørk grå melert;7071765250798;0
EKSAKT;Alpakka Wool;504 Koks melert;504 Koks melert;7071765250804;0
EKSAKT;Alpakka Wool;505 Lys beige melert;505 Lys beige melert;7071765250811;-2
EKSAKT;Alpakka Wool;506 Brun melert;506 Brun melert;7071765250828;4
EKSAKT;Alpakka Wool;511 Maisgul;511 Maisgul;7071765250873;-3
EKSAKT;Alpakka Wool;519 Safrangul;519 Safrangul;7071765250958;5
EKSAKT;Alpakka Wool;521 Valmuerød;521 Valmuerød;7071765250972;0
EKSAKT;Alpakka Wool;524 Mørk blågrønn;524 Mørk blågrønn;7071765251009;0
EKSAKT;Alpakka Wool;525 Marine;525 Marine;7071765251016;0
EKSAKT;Alpakka Wool;526 Svart;526 Svart;7071765251047;0
EKSAKT;Alpakka Wool;532 Brent rust;532 Brent rust;7071765252037;1
EKSAKT;Alpakka Wool;533 Hvit;533 Hvit;7023790509822;-1
EKSAKT;Alpakka Wool;547 Lys denim;547 Lys denim;7023790549101;0
EKSAKT;Alpakka Wool;548 Brun;548 Brun;7023790580494;0
EKSAKT;Sisu;3880 mork sjokolade;3880 Mørk sjokolade;7039560001151;8
EKSAKT;Sisu;4315 bubblegum pink;4315 Bubblegum Pink;7039560001267;14
EKSAKT;Sisu;1001 hvit;1001 True White;7039560000017;16
EKSAKT;Sisu;1002 hvit;1002 Hvit;7039560000536;25
EKSAKT;Sisu;1012 natur;1012 Natur;7039560000024;31
EKSAKT;Sisu;1032 lys graamelert;1032 Lys gråmelert;7039560000031;22
EKSAKT;Sisu;1042 graamelert;1042 Gråmelert;7039560000048;17
EKSAKT;Sisu;1053 mork graamelert;1053 Mørk gråmelert;7039560000895;26
EKSAKT;Sisu;1088 koksmelert;1088 Koksmelert;7039560000055;10
EKSAKT;Sisu;1099 svart;1099 Sort;7039560000062;18
EKSAKT;Sisu;2319 lys kalk;2319 Lys Kalk;7039560000772;15
EKSAKT;Sisu;2321 marsipan;2321 Marsipan;7039560001212;16
EKSAKT;Sisu;2650 lys beigemelert;2650 Lys Beigemelert;7039560000789;29
EKSAKT;Sisu;3161 eikenott;3161 Mellombrun;7039560000499;6
EKSAKT;Sisu;4219 rod;4219 Rød;7039560000154;10
EKSAKT;Sisu;4228 mork rod;4228 Rød;7039560000161;6
EKSAKT;Sisu;4255 rumba red;4255 Rumba Red;7039560001274;18
EKSAKT;Sisu;5575 marine;5575 Marine;7039560000277;16
EKSAKT;Sisu;5962 graablaa;5962 Gråblå;7039560000444;26
EKSAKT;Sisu;6046 jolly blue;6046 Jolly Blue;7039560001229;25
EKSAKT;Sisu;6062 mork blaa;6062 Mørk Blå;7039560000949;20
EKSAKT;Sisu;6324 lys blaa melert;6324 Blåmelert;7039560000598;27
EKSAKT;Sisu;8063 mork gronn;8063 Mørk grønn;7039560000994;21
EKSAKT;Sisu;9041 stovet lys gronn;9041 Lys Grønnmelert;7039560001069;17
EKSAKT;Sisu;9573 mosegronn;9573 Mosegrønn;7039560001137;30
EKSAKT;Alpakka Ull;3581 kaffe;3581 Kaffe;7039560620826;27
EKSAKT;Alpakka Ull;3800 bristol black;3800 Bristol Black;7039560620857;13
EKSAKT;Alpakka Ull;4018 scarlet red;4018 Scarlet Red;7039560620918;9
EKSAKT;Alpakka Ull;4315 bubblegum pink;4315 Bubblegum Pink;7039560620895;13
EKSAKT;Alpakka Ull;1002 hvit;1002 Hvit;7039560620017;14
EKSAKT;Alpakka Ull;1015 kitt;1015 Kitt;7039560620345;33
EKSAKT;Alpakka Ull;1042 gramelert;1042 Gråmelert;7039560620048;24
EKSAKT;Alpakka Ull;1053 mork gramelert;1053 Mørk gråmelert;7039560620055;36
EKSAKT;Alpakka Ull;1088 koksmelert;1088 Koksmelert;7039560620062;17
EKSAKT;Alpakka Ull;1099 svart;1099 Sort;7039560620277;4
EKSAKT;Alpakka Ull;2321 marsipan;2321 Marsipan;7039560620697;3
EKSAKT;Alpakka Ull;2511 mandel;2511 Mandel;7039560620635;17
EKSAKT;Alpakka Ull;2523 natur tweed;2523 Natur Tweed;7039560620949;23
EKSAKT;Alpakka Ull;2650 beigemelert;2650 Beigemelert;7039560620239;20
EKSAKT;Alpakka Ull;3161 eikenott;3161 Eikenøtt;7039560620031;23
EKSAKT;Alpakka Ull;3571 brun;3571 Brun;7039560620581;26
EKSAKT;Alpakka Ull;3819 spicy orange;3819 Spicy Orange;7039560620734;13
EKSAKT;Alpakka Ull;5575 marine;5575 Marine;7039560620079;18
EKSAKT;Alpakka Ull;5585 marineblaa tweed;5585 Marineblå tweed;7039560620956;20
EKSAKT;Alpakka Ull;6032 bla hortensia;6032 Blå Hortensia;7039560620772;13
EKSAKT;Alpakka Ull;6081 midtnattsbla;6081 Midnattsblå;7039560620406;55
EKSAKT;Alpakka Ull;6364 mork bla;6364 Mørk blå;7039560620260;29
EKSAKT;Alpakka Ull;8051 eucalyptus;8051 Eukalyptus;7039560620673;19
EKSAKT;Alpakka Ull;8082 skoggronn;8082 Skoggrønn;7039560620680;29
EKSAKT;Alpakka Ull;2009 lemon icing;2009 Lemon Icing;7039560620994;6
EKSAKT;Alpakka Ull;3509 ballet tutu;3509 Ballet tutu;7039560621021;21
EKSAKT;Alpakka Ull;5811 arctic ice;5811 Arctic Ice;7039560620963;15
EKSAKT;Alpakka Ull;2745 cognac;2745 Cognac;7039560620970;16
EKSAKT;Alpakka Ull;5845 dazzling blue;5845 Dazzling Blue;7039560620987;25
EKSAKT;Alpakka Ull;9873 dark olive;9873 Dark Olive;7039560621007;10
EKSAKT;Alpakka Ull;4255 rumba red;4255 Rumba Red;7039560621014;25
EKSAKT;Alpakka Ull;4227 equesterian red;4227 Equestrian Red;7039560621038;14
EKSAKT;Alpakka Ull;4372 dyp burgunder;4372 Dyp Burgunder;7039560621045;30
EKSAKT;Alpakka Ull;1012 natur;1012 Natur;7039560621052;7
EKSAKT;Alpakka Ull;7772 rainforest;7772 Rain Forest;7039560621090;18
EKSAKT;Alpakka Ull;2573 monks robe;2573 Monks Robe;7039560621083;10
EKSAKT;Alpakka Ull;5824 provence blue;5824 Provence Blue;7039560621076;14
EKSAKT;Alpakka Ull;8753 vineyard green;8753 Vineyard Green;7039560621069;10
EKSAKT;Smart;1001 hvit;1001 True White;7039560010016;21
EKSAKT;Smart;1002 hvit;1002 Hvit;7039560010023;50
EKSAKT;Smart;1012 natur;1012 Natur;7039560010030;33
EKSAKT;Smart;1032 lys gramelert;1032 Lys gråmelert;7039560010481;4
EKSAKT;Smart;1042 gramelert;1042 Gråmelert;7039560010047;28
EKSAKT;Smart;1053 mork gramelert;1053 Mørk gråmelert;7039560010061;25
EKSAKT;Smart;1088 koksmelert;1088 Koksmelert;7039560010078;17
EKSAKT;Smart;1099 svart;1099 Sort;7039560010085;29
EKSAKT;Smart;2206 gul;2206 Gul;7039560010108;14
EKSAKT;Smart;2641 natur melert;2641 Naturmelert;7039560011174;39
EKSAKT;Smart;2650 grabeige melert;2650 Gråbeige melert;7039560010931;35
EKSAKT;Smart;2652 mellombrun melert;2652 Mellombrun melert;7039560010948;27
EKSAKT;Smart;4065 vinrod;4065 Vinrød;7039560010191;23
EKSAKT;Smart;4071 mork brun;4071 Mørk brun;7039560011228;22
EKSAKT;Smart;4219 rod;4219 Rød;7039560010221;8
EKSAKT;Smart;4244 mork gammelrosa;4244 Mørk Gammelrosa;7039560011068;18
EKSAKT;Smart;4332 gammelrosa;4332 Gammelrosa;7039560010894;27
EKSAKT;Smart;4600 jazzy pink;4600 Jazzy Pink;7039560010696;20
EKSAKT;Smart;5575 marine;5575 Marine;7039560010320;28
EKSAKT;Smart;5846 blaviolett;5846 Blåviolett;7039560010337;20
EKSAKT;Smart;6062 mork bla;6062 Mørk Blå;7039560011235;29
EKSAKT;Smart;6072 blagra melert;6072 Blågrå Melert;7039560011044;16
EKSAKT;Smart;6324 blamelert;6324 Blåmelert;7039560010993;27
EKSAKT;Smart;6355 flybla;6355 Flyblå;7039560010382;47
EKSAKT;Smart;8051 eukalyptus;8051 Eukalyptus;7039560011327;21
EKSAKT;Smart;8264 gronn;8264 Grønn;7039560010870;15
EKSAKT;Smart;9572 mork gronnmelert;9572 Mørk Grønnmelert;7039560011020;29
EKSAKT;Smart;9564 matcha;9564 Matcha;7039560011464;20
EKSAKT;Smart;8082 skoggronn;8082 Skoggrønn;7039560011457;15
EKSAKT;Smart;2573 monks robe;2573 Monks Robe;7039560011488;17
EKSAKT;Smart;4372 dyp burgunder;4372 Dyp Burgunder;7039560011495;17
EKSAKT;Alpakka Lin;6560 Natur;6560 Natur;7045840141844;12
EKSAKT;Alpakka Lin;6562 Kamel;6562 Kamel;7045840141882;3
EKSAKT;Alpakka Lin;1315 Beige;1315 Beige;7045840141684;22
EKSAKT;Alpakka Lin;811 Hvit;811 Natur;7045840155889;25
EKSAKT;Alpakka Lin;1310 Lys grå;1310 Lys Grå;7045840141660;20
EKSAKT;Alpakka Lin;6559 Grå;6559 Grå;7045840141820;13
EKSAKT;Alpakka Lin;2325 Svart;2325 Svart;7045840145576;15
EKSAKT;Alpakka Lin;2343 Aubergin;2343 Aubergin;7045840145590;11
EKSAKT;Alpakka Lin;6557 Mørk blå;6557 Mørk Blå;7045840141806;21
EKSAKT;Alpakka Lin;6555 Jeansblå;6555 Jeansblå;7045840141783;10
EKSAKT;Alpakka Lin;1359 Sjøgrønn;1359 Sjøgrønn;7045840141707;12
EKSAKT;Alpakka Lin;1364 Jadegrønn;1364 Jadegrønn;7045840145613;7
EKSAKT;Alpakka Lin;2385 Smaragdgrønn;2385 Smaragdgrønn;7045840145637;12
EKSAKT;Alpakka Lin;7766 Emeraldgrønn;7766 Emeraldgrønn;7045840159894;20
EKSAKT;Alpakka Lin;1363 Spiregrønn;1363 Spiregrønn;7045840159795;12
EKSAKT;Alpakka Lin;1362 Gul;1362 Gul;7045840160500;8
EKSAKT;Alpakka Lin;1354 Oransje;1354 Oransje;7045840159733;13
EKSAKT;Alpakka Lin;1387 Rubinrød;1387 Rubinrød;7045840145699;10
EKSAKT;Alpakka Lin;1338 Pudderrosa;1338 Pudderrosa;7045840145675;21
EKSAKT;Alpakka Lin;1358 Lavendel;1358 Lavendel;7045840159771;6
EKSAKT;Alpakka Lin;1389 Himmelblå;1389 Himmelblå;7045840159856;5
EKSAKT;Alpakka Lin;2350 Nattblå;2350 Nattblå;7045840159870;10
EKSAKT;Faerytale;701 Natur;701 Natur;7071765007019;27
EKSAKT;Faerytale;702 Hvit;702 Hvit;7023790511443;6
EKSAKT;Faerytale;703 Lys denim;703 Lys denim;7023790511467;1
EKSAKT;Faerytale;704 Denim;704 Denim;7023790511481;19
EKSAKT;Faerytale;711 Mørk rød;711 Rød;7071765007118;13
EKSAKT;Faerytale;712 Støvet rose;712 Støvet rose;7023790536071;0
EKSAKT;Faerytale;715 Støvet jadegrønn;715 Støvet jadegrønn;7023790536132;5
EKSAKT;Faerytale;719 Svart;719 Svart;7071765007194;13
EKSAKT;Faerytale;720 Kamel;720 Kamel;7071765007200;3
EKSAKT;Faerytale;722 Mørk brun;722 Mørk brun;7071765007224;3
EKSAKT;Faerytale;726 Mørk gråbrun melert;726 Mørk gråbrun melert;7071765007262;14
EKSAKT;Faerytale;731 Grå melert;731 Grå melert;7071765007316;6
EKSAKT;Faerytale;732 Lys grå melert;732 Lys grå melert;7071765007323;10
EKSAKT;Faerytale;740 Gråblå;740 Gråblå melert;7071765007408;26
EKSAKT;Faerytale;743 Rust melert;743 Rust melert;7071765007439;12
EKSAKT;Faerytale;747 Gullgul;747 Gullgul;7071765007477;0
EKSAKT;Faerytale;754 Gul melert;754 Gul melert;7023790511504;14
EKSAKT;Faerytale;758 Lys gråbrun melert;758 Lys gråbrun melert;7071765007583;0
EKSAKT;Faerytale;761 Mørk olivengrønn;761 Mørk olivengrønn;7071765007613;10
EKSAKT;Faerytale;763 Rød melert;763 Rød melert;7023790511528;0
EKSAKT;Faerytale;774 Dus grågrønn;774 Dus grågrønn;7071765250460;0
EKSAKT;Faerytale;788 Marine;788 Marine;7071765251757;16
EKSAKT;Faerytale;807 Kongeblå;"807 Kongebl&aring;";7023790589091;20
EKSAKT;Ballerina Chunky Mohair;2745 cognac;2745 Cognac;7039560799379;12
EKSAKT;Ballerina Chunky Mohair;3313 coral reef;3313 Coral Reef;7039560799423;24
EKSAKT;Ballerina Chunky Mohair;3880 dark chocolate;3880 Mørk sjokolade;7039560799324;13
EKSAKT;Ballerina Chunky Mohair;4018 scarlet red;4018 Scarlet Red;7039560799348;28
EKSAKT;Ballerina Chunky Mohair;4213 blossom;4213 Blossom;7039560799232;9
EKSAKT;Ballerina Chunky Mohair;4315 bubblegum pink;4315 Bubblegum Pink;7039560799249;20
EKSAKT;Ballerina Chunky Mohair;5023 lilac;5023 Lilac;7039560799201;27
EKSAKT;Ballerina Chunky Mohair;5505 pale iris;5505 Pale iris;7039560799195;23
EKSAKT;Ballerina Chunky Mohair;5845 dazzling blue;5845 Dazzling Blue;7039560799188;15
EKSAKT;Ballerina Chunky Mohair;6311 starlight blue;6311 Starlight Blue;7039560799430;27
EKSAKT;Ballerina Chunky Mohair;8733 spring green;8733 Spring Green;7039560799218;13
EKSAKT;Ballerina Chunky Mohair;9523 lime punch;9523 Lime Punch;7039560799416;14
EKSAKT;Ballerina Chunky Mohair;9563 moss green;9563 Moss Green;7039560799447;27
EKSAKT;Ballerina Chunky Mohair;9873 dark olive;9873 Dark Olive;7039560799386;20
EKSAKT;Ballerina Chunky Mohair;1009 early spring print;1009 Early spring;7039560799355;9
EKSAKT;Ballerina Chunky Mohair;1010 tutti frutti print;1010 Tutti Frutti;7039560799331;0
EKSAKT;Ballerina Chunky Mohair;1012 natural white;1012 Hvit;7039560799300;18
EKSAKT;Ballerina Chunky Mohair;1022 light grey melange;1022 Gråmelert;7039560799317;13
EKSAKT;Ballerina Chunky Mohair;1099 black;1099 Sort;7039560799263;19
EKSAKT;Ballerina Chunky Mohair;2321 marzipan;2321 Marsipan;7039560799256;14
EKSAKT;Ballerina Chunky Mohair;3031 camel;3031 Camel;7039560799171;24
EKSAKT;Ballerina Chunky Mohair;3509 ballet tutu;3509 Ballet tutu;7039560799362;16
EKSAKT;Ballerina Chunky Mohair;4255 rumba red;4255 Rumba Red;7039560799393;8
EKSAKT;Ballerina Chunky Mohair;4372 burgundy;4372 Dyp Burgunder;7039560799454;18
EKSAKT;Ballerina Chunky Mohair;5581 blue depth;5581 Dyp Marine;7039560799270;30
EKSAKT;Ballerina Chunky Mohair;3342 mocha mousse;3342 Mocha Mousse;7039560799515;13
EKSAKT;Ballerina Chunky Mohair;4219 true red;4219 True Red;7039560799485;20
EKSAKT;Ballerina Chunky Mohair;5824 provence blue;5824 Provence Blue;7039560799492;26
EKSAKT;Ballerina Chunky Mohair;7772 rain forest;7772 Rain Forest;7039560799508;18
EKSAKT;Ballerina Chunky Mohair;1053 dark grey melange;1053 Dark Grey Melange;7039560799461;14
EKSAKT;Ballerina Chunky Mohair;2650 beige melange;2650 Beige Melange;7039560799478;21
EKSAKT;Ballerina Chunky Mohair;2573 monks robe;2573 Monks Robe;7039560799546;20
EKSAKT;Ballerina Chunky Mohair;2152 vintage gold;2152 Vintage Gold;7039560799539;9
EKSAKT;Ballerina Chunky Mohair;1001 hvit;1001 True White;7039560799577;26
EKSAKT;Ballerina Chunky Mohair;3591 chocolate plum;3591 Chocolate Plum;7039560799560;15
EKSAKT;Ballerina Chunky Mohair;4353 rustic rose;4353 Rustic Rose;7039560799591;20
EKSAKT;Ballerina Chunky Mohair;5223 lavender;5223 Lavender;7039560799607;20
EKSAKT;Ballerina Chunky Mohair;4813 pink lilac;4813 Pink Lilac;7039560799614;20
EKSAKT;Ballerina Chunky Mohair;6012 summer sky;6012 Summer Sky;7039560799584;28
EKSAKT;Ballerina Chunky Mohair;9602 lemonade;9602 Lemonade;7039560799553;8
EKSAKT;Pus;4001 Natur;4001 Natur;7071765040016;0
EKSAKT;Pus;4003 Jeansblå;4003 Jeansblå;7071765040030;2
EKSAKT;Pus;4004 Blå;4004 Blå;7071765040047;0
EKSAKT;Pus;4008 Gul;4008 Gul;7071765040085;2
EKSAKT;Pus;4009 Beige;4009 Beige;7071765040092;3
EKSAKT;Pus;4010 Koks melert;4010 Koks melert;7071765040108;2
EKSAKT;Pus;4011 Lys grå melert;4011 Lys grå melert;7071765040115;0
EKSAKT;Pus;4014 Grønn;4014 Grønn;7071765040146;0
EKSAKT;Pus;4017 Svart;4017 Svart;7071765040177;2
EKSAKT;Pus;4018 Rød;4018 Rød;7071765040184;0
EKSAKT;Pus;4019 Lys blå;4019 Lys brå;7071765068164;2
EKSAKT;Pus;4020 Lys rosa;4020 Lys rosa;7071765040207;0
EKSAKT;Pus;4031 Hvit;4031 Hvit;7023790510101;0
EKSAKT;Pus;4032 Denim;4032 Denim;7023790510125;-6
EKSAKT;Pus;4033 Safrangul;4033 Safrangul;7023790510149;2
EKSAKT;Pus;4036 Pink flamingo;4036 Pink flamingo;7023790534985;1
EKSAKT;Pus;4040 Støvet jadegrønn;4040 Støvet jadegrønn;7023790535067;0
EKSAKT;Saga;977 Marzipan (melange);977 Marzipan Melange;5709673004692;0
EKSAKT;Sunday;2009 lemon icing;2009 Lemon Icing;7039560031684;18
EKSAKT;Sunday;2745 cognac;2745 Cognac;7039560031707;18
EKSAKT;Sunday;3800 bristol black;3800 Bristol Black;7039560031592;21
EKSAKT;Sunday;3880 mork sjokolade;3880 Mørk sjokolade;7039560031318;20
EKSAKT;Sunday;4018 scarlet red;4018 Scarlet Red;7039560031677;27
EKSAKT;Sunday;4315 bubblegum pink;4315 Bubblegum Pink;7039560031660;3
EKSAKT;Sunday;4813 pink lilac;4813 Pink Lilac;7039560031578;18
EKSAKT;Sunday;5811 arctic ice;5811 Arctic Ice;7039560031738;11
EKSAKT;Sunday;5845 dazzling blue;5845 Dazzling Blue;7039560031721;13
EKSAKT;Sunday;5882 marinebla;5882 Marineblå;7039560031370;14
EKSAKT;Sunday;6044 regatta bla;6044 Regatta blå;7039560031424;23
EKSAKT;Sunday;7281 dyp petrol;7281 Dyp petrol;7039560031271;20
EKSAKT;Sunday;8733 spring green;8733 Spring Green;7039560031622;15
EKSAKT;Sunday;9080 urban chic;9080 Urban Chic;7039560031608;13
EKSAKT;Sunday;9873 dark olive;9873 Dark Olive;7039560031752;24
EKSAKT;Sunday;1001 hvit;1001 True White;7039560031059;31
EKSAKT;Sunday;1015 kitt;1015 Kitt;7039560030946;15
EKSAKT;Sunday;1042 gramelert;1042 Gråmelert;7039560031387;11
EKSAKT;Sunday;1099 sort;1099 Sort;7039560030922;10
EKSAKT;Sunday;2321 marsipan;2321 Marsipan;7039560031325;23
EKSAKT;Sunday;2650 beigemelert;2650 Beigemelert;7039560031394;24
EKSAKT;Sunday;3021 lys beige;3021 Lys Beige;7039560030977;28
EKSAKT;Sunday;3161 eikenott;3161 Eikenøtt;7039560031035;18
EKSAKT;Sunday;3509 ballet tutu;3509 Ballet tutu;7039560031691;22
EKSAKT;Sunday;3511 pudder rosa;3511 Pudderrosa;7039560031004;25
EKSAKT;Sunday;3554 rust;3554 Rust;7039560030823;1
EKSAKT;Sunday;3820 perlegraa;3820 Perlegrå;7039560031158;16
EKSAKT;Sunday;4219 rod;4219 Rød;7039560031820;25
EKSAKT;Sunday;4236 dyp rod;4236 Dyp Rød;7039560031028;21
EKSAKT;Sunday;4255 rumba red;4255 Rumba Red;7039560031745;15
EKSAKT;Sunday;4332 stovet rose;4332 Støvet Rose;7039560031103;22
EKSAKT;Sunday;4343 bringebaersorbet;4343 Bringebærsorbet;7039560031042;29
EKSAKT;Sunday;4372 dyp burgunder;4372 Dyp Burgunder;7039560030984;18
EKSAKT;Sunday;5846 bla;5846 Blå;7039560031189;29
EKSAKT;Sunday;6042 mork himmelblaa;6042 Mørk Himmelblå;7039560030854;26
EKSAKT;Sunday;6062 mork bla;6062 Mørk Blå;7039560031196;26
EKSAKT;Sunday;6501 isblaa;6501 Isblå;7039560030878;41
EKSAKT;Sunday;6581 mork graablaa;6581 Mørk Gråblå;7039560030885;29
EKSAKT;Sunday;8082 skoggronn;8082 Skoggrønn;7039560031134;26
EKSAKT;Sunday;8521 stovet lys gronn;8521 Dusty Light Green;7039560030892;31
EKSAKT;Sunday;9062 olivengronn;9062 Olivengrønn;7039560031233;11
EKSAKT;Sunday;4672 bjornebaersaft;4672 Bjørnebærsaft;7039560031264;6
EKSAKT;Sunday;4626 shocking pink;4626 Shocking Pink;7039560031332;13
EKSAKT;Sunday;2573 monks robe;2573 Monks Robe;7039560031837;16
EKSAKT;Sunday;7772 rainforest;7772 Rain Forest;7039560031844;20
EKSAKT;Sunday;2152 vintage gold;2152 Vintage Gold;7039560031851;18
EKSAKT;Sunday;4381 dark fudge;4381 Dark Fudge;7039560031868;11
EKSAKT;Sunday;5824 provence blue;5824 Provence Blue;7039560031882;13
EKSAKT;Sunday;8753 vineyard green;8753 Vineyard Green;7039560031875;10
EKSAKT;Sunday;3342 mocha mousse;3342 Mocha Mousse;7039560031899;12
EKSAKT;Sunday;3591 chocolate plum;3591 Chocolate Plum;7039560031929;14
EKSAKT;Sunday;4353 rustic rose;4353 Rustic Rose;7039560031943;28
EKSAKT;Sunday;5223 lavender;5223 Lavender;7039560031936;13
EKSAKT;Sunday;7911 mint green;7911 Mint Green;7039560031905;16
EKSAKT;Sunday;9602 lemonade;9602 Lemonade;7039560031912;26
EKSAKT;Tresko;1022 graa hvit;1022 Grå/hvit;7039560130028;0
EKSAKT;Tresko;1042 graa;1042 Gråmelert;7039560130035;0
EKSAKT;Tresko;6081 hvit graa svart;6081 Grå/hvit/svart;7039560130110;0
EKSAKT;Cashmere;2009 lemon icing;2009 Lemon Icing;7039560630207;4
EKSAKT;Cashmere;2573 monks robe;2573 Monks Robe;7039560630184;7
EKSAKT;Cashmere;4018 scarlet red;4018 Scarlet Red;7039560630238;27
EKSAKT;Cashmere;5824 provance blue;5824 Provence Blue;7039560630290;9
EKSAKT;Cashmere;5882 dark navy;5882 Dark Navy;7039560630306;20
EKSAKT;Cashmere;9564 matcha;9564 Matcha;7039560630276;21
EKSAKT;Cashmere;1002 white;1002 White;7039560630153;13
EKSAKT;Cashmere;1042 grey melange;1042 Grey Melange;7039560630214;28
EKSAKT;Cashmere;1088 charcoal melange;1088 Charcoal Melange;7039560630221;15
EKSAKT;Cashmere;1099 black;1099 Black;7039560630313;20
EKSAKT;Cashmere;3021 beige melange;3021 Beige melange;7039560630160;12
EKSAKT;Cashmere;3082 dark brown;3082 Dark Brown;7039560630191;22
EKSAKT;Cashmere;3161 acorn;3161 Acorn;7039560630177;26
EKSAKT;Cashmere;4219 true red;4219 True Red;7039560630245;24
EKSAKT;Cashmere;4372 burgundy;4372 Burgundy;7039560630269;11
EKSAKT;Cashmere;8082 forest green;8082 Forrest Green;7039560630283;18
EKSAKT;Cashmere;4504 candy pink;4504 Candy Pink;7039560630252;6
EKSAKT;Cashmere;7911 mint green;7911 Mint Green;7039560630344;9
EKSAKT;Cashmere;4501 marshmallow pink;4501 Marshmallow Pink;7039560630320;15
EKSAKT;Cashmere;4048 henna;4048 Henna;7039560630337;10
NAVN-sjekk;Fivel;01 Natur;01 Natur;7045840157470;16
NAVN-sjekk;Fivel;36 Svart;36 Svart;7045840157555;22
NAVN-sjekk;Fivel;04 Gråbeige;04 Gråbeige;7045840157531;28
NAVN-sjekk;Fivel;25 Kasjmir;25 Kasjmir;7045840159405;30
NAVN-sjekk;Fivel;06 Burgunder;06 Burgunder;7045840157593;29
NAVN-sjekk;Fivel;28 Kløverlilla;28 Kløverlilla;9317385314624;10
NAVN-sjekk;Fivel;13 Rosa;13 Rosa;7045840157739;24
NAVN-sjekk;Fivel;15 Lys rosa;15 Lys rosa;7045840159207;24
NAVN-sjekk;Fivel;19 Rosa sky;19 Rosa sky;7045840159283;11
NAVN-sjekk;Fivel;26 Korall;26 Korall;9317385314587;24
NAVN-sjekk;Fivel;20 Oransje;20 Oransje;7045840159306;18
NAVN-sjekk;Fivel;22 Mørk oransje;22 Mørk Oransje;7045840159344;26
NAVN-sjekk;Fivel;02 Mørk rød;02 Mørk rød;7045840157494;21
NAVN-sjekk;Fivel;11 Nougat;11 Nougat;7045840157692;18
NAVN-sjekk;Fivel;24 Mørk grønn;24 Mørk Grønn;7045840159382;31
NAVN-sjekk;Fivel;16 Skogsgrønn;16 Skogsgrønn;7045840159221;18
NAVN-sjekk;Fivel;10 Emeraldgrønn;10 Emeraldgrønn;7045840157678;14
NAVN-sjekk;Fivel;12 Spiregrønn;12 Spiregrønn;7045840157715;9
NAVN-sjekk;Fivel;08 Lys strågul;08 Lys strågul;7045840157630;6
NAVN-sjekk;Fivel;27 Limonade;27 Limonade;9317385314600;6
NAVN-sjekk;Fivel;14 Gul;14 Gul;7045840157753;14
NAVN-sjekk;Fivel;17 Lys lilla;17 Lys lilla;7045840159245;17
NAVN-sjekk;Fivel;05 Lavendel;05 Lavendel;7045840157579;10
NAVN-sjekk;Fivel;18 Blå puddel;18 Blå puddel;7045840159269;11
NAVN-sjekk;Fivel;29 Støvet blå;29 Støvet blå;9317385314648;17
NAVN-sjekk;Fivel;09 Marineblå;09 Marineblå;7045840157654;29
NAVN-sjekk;Fivel;03 Mørk blå;03 Mørk blå;7045840157517;25
NAVN-sjekk;Fivel;21 Blå;21 Blå;7045840159320;28
NAVN-sjekk;Fivel;07 Himmelblå;07 Himmelblå;7045840157616;19
NAVN-sjekk;Fivel;23 Lys turkis;23 Lys turkis;7045840159368;12
NAVN-sjekk;Pelini;23 Beige;23 Beige;7045840139216;24
NAVN-sjekk;Pelini;00 Hvit;00 Hvit;7045840079635;27
NAVN-sjekk;Pelini;10 Lin;10 Lin;7045840024642;8
NAVN-sjekk;Pelini;20 Gul;20 Gul;7045840139155;18
NAVN-sjekk;Pelini;24 Svart;24 Svart;7045840139230;12
NAVN-sjekk;Pelini;53 Blå;53 Blå;7000004003079;23
NAVN-sjekk;Pelini;4299 Rosa;8140 Rosa;7045840079086;14
NAVN-sjekk;Petunia;335 Rød;256 Rød;7045840022730;0
NAVN-sjekk;Plum;118 Lys grå;057 Lys Grå;7045840020118;27
NAVN-sjekk;Puno;6736 Beige;1314 Beige;7045840018986;21
NAVN-sjekk;Puno;1357 Lys rosa;608 Lys Rosa;7045840142308;21
INGEN;Alpakka Følgetråd – Marzipan;Default Title;linje ikke hos SF;;
INGEN;Alpakka Følgetråd – Storm Blue;Default Title;linje ikke hos SF;;
INGEN;Lun Merino – Mørk sjokolade;Default Title;linje ikke hos SF;;
INGEN;Lun Merino – Hvit;Default Title;linje ikke hos SF;;
INGEN;Merino – Wild Berries;Default Title;linje ikke hos SF;;
INGEN;Soft Silk Mohair – Cream;Default Title;linje ikke hos SF;;
INGEN;Regia 4-ply – Grey Purple;Default Title;linje ikke hos SF;;
INGEN;Regia 4-ply – Denim Mix;Default Title;linje ikke hos SF;;
INGEN;Lovikka;601 Natur;linje ikke hos SF;;
INGEN;Lovikka;602 Lys grå;linje ikke hos SF;;
INGEN;Lovikka;603 Grå;linje ikke hos SF;;
INGEN;Lovikka;604 Koks;linje ikke hos SF;;
INGEN;Baby Bomull;501 Hvit;linje ikke hos SF;;
INGEN;Baby Bomull;502 Natur;linje ikke hos SF;;
INGEN;Baby Bomull;503 Lys grå;linje ikke hos SF;;
INGEN;Baby Bomull;504 Sand;linje ikke hos SF;;
INGEN;Baby Bomull;505 Lys gul;linje ikke hos SF;;
INGEN;Baby Bomull;506 Jadegrønn;linje ikke hos SF;;
INGEN;Baby Bomull;507 Lys blå;linje ikke hos SF;;
INGEN;Baby Bomull;508 Aquagrønn;linje ikke hos SF;;
INGEN;Baby Bomull;509 Mørk gråblå;linje ikke hos SF;;
INGEN;Baby Bomull;510 Rosa;linje ikke hos SF;;
INGEN;Baby Bomull;511 Oransje;linje ikke hos SF;;
INGEN;Baby Bomull;512 Gul;linje ikke hos SF;;
INGEN;Baby Bomull;513 Pink;linje ikke hos SF;;
INGEN;Baby Bomull;514 Rød;linje ikke hos SF;;
INGEN;Baby Bomull;515 Flamingo;linje ikke hos SF;;
INGEN;Baby Bomull;516 Karibisk blå;linje ikke hos SF;;
INGEN;Baby Bomull;517 Lys lavendel;linje ikke hos SF;;
INGEN;Baby Bomull;518 Skarp grønn;linje ikke hos SF;;
INGEN;Baby Bomull;519 Isblå;linje ikke hos SF;;
INGEN;Baby Bomull;520 Rosa print;linje ikke hos SF;;
INGEN;Baby Bomull;521 Pastell print;linje ikke hos SF;;
INGEN;Baby Bomull;522 Blå print;linje ikke hos SF;;
INGEN;Baby Bomull;523 Oransje/Skarp grønn print;linje ikke hos SF;;
INGEN;Baby Bomull;524 Svart;linje ikke hos SF;;
INGEN;Maxi Heklegarn;100 Ubleket;linje ikke hos SF;;
INGEN;Maxi Heklegarn;102 Hvit;linje ikke hos SF;;
INGEN;Maxi Heklegarn;107 Lilla;linje ikke hos SF;;
INGEN;Maxi Heklegarn;114 Rød;linje ikke hos SF;;
INGEN;Maxi Heklegarn;157 Gul;linje ikke hos SF;;
INGEN;Merino 28;124 Lollipop multi;linje ikke hos SF;;
INGEN;Merino 28;125 Grå lollipop multi;linje ikke hos SF;;
INGEN;Bling Effekttråd;701 Grå;linje ikke hos SF;;
INGEN;Bling Effekttråd;702 Offwhite;linje ikke hos SF;;
INGEN;Colour Bubble;202 Flamingo;linje ikke hos SF;;
INGEN;Colour Bubble;203 Lilla spruddel;linje ikke hos SF;;
INGEN;Colour Bubble;204 Korallskum;linje ikke hos SF;;
INGEN;Colour Bubble;205 Lavafrizz;linje ikke hos SF;;
INGEN;Colour Bubble;206 Tutti frutti;linje ikke hos SF;;
INGEN;Colour Bubble;207 Lime glimt;linje ikke hos SF;;
INGEN;Colour Bubble;208 Havskum;linje ikke hos SF;;
INGEN;Colour Bubble;209 Himmelblå;linje ikke hos SF;;
INGEN;Dale Baby Ull;8536 Skarp grønn;linje ikke hos SF;;
INGEN;Dale Baby Ull;8550 Lollipop multi;linje ikke hos SF;;
INGEN;Dale Baby Ull;8551 Grå lollipop multi;linje ikke hos SF;;
INGEN;Dale Baby Ull;8552 Lys gul;linje ikke hos SF;;
INGEN;Dale Baby Ull;8557 Korngul;linje ikke hos SF;;
INGEN;Sølje pelsullgarn;642144 lys koksgrå;linje ikke hos SF;;
INGEN;Sølje pelsullgarn;642142 støvet lys lime;linje ikke hos SF;;
INGEN;Sølje pelsullgarn;642141 ren grønn;linje ikke hos SF;;
INGEN;Sølje pelsullgarn;642140 støvet ismint;linje ikke hos SF;;
INGEN;Sølje pelsullgarn;642139 støvet flyblå;linje ikke hos SF;;
INGEN;Sølje pelsullgarn;642138 rødbrun;linje ikke hos SF;;
INGEN;Sølje pelsullgarn;642130 lys turkis;linje ikke hos SF;;
INGEN;Sølje pelsullgarn;642133 marineblå;linje ikke hos SF;;
INGEN;Sølje pelsullgarn;642128 grålig lavendelblå;linje ikke hos SF;;
INGEN;Sølje pelsullgarn;642118 olivengrønn;linje ikke hos SF;;
INGEN;Sølje pelsullgarn;642137 støvet rosa;linje ikke hos SF;;
INGEN;Sølje pelsullgarn;642136 lys rødlig beige;linje ikke hos SF;;
INGEN;Sølje pelsullgarn;642119 gul;linje ikke hos SF;;
INGEN;Sølje pelsullgarn;642111 gråfiolett;linje ikke hos SF;;
INGEN;Sølje pelsullgarn;642132 rød;linje ikke hos SF;;
INGEN;Sølje pelsullgarn;642125 lys marine;linje ikke hos SF;;
INGEN;Sølje pelsullgarn;642114 mørk rosa;linje ikke hos SF;;
INGEN;Sølje pelsullgarn;642110 rosa;linje ikke hos SF;;
INGEN;Sølje pelsullgarn;642115 naturgrå;linje ikke hos SF;;
INGEN;Sølje pelsullgarn;642105 petrol;linje ikke hos SF;;
INGEN;Sølje pelsullgarn;642108 oker;linje ikke hos SF;;
INGEN;Sølje pelsullgarn;642104 burgunder;linje ikke hos SF;;
INGEN;Sølje pelsullgarn;642101 beige;linje ikke hos SF;;
INGEN;Sølje pelsullgarn;642131 burgunderlilla;linje ikke hos SF;;
INGEN;Sølje pelsullgarn;642122 rødgul;linje ikke hos SF;;
INGEN;Sølje pelsullgarn;642116 mørk brun;linje ikke hos SF;;
INGEN;Sølje pelsullgarn;642109 svart;linje ikke hos SF;;
INGEN;Sølje pelsullgarn;642113 lys dongeriblå;linje ikke hos SF;;
INGEN;Sølje pelsullgarn;642103 cognac;linje ikke hos SF;;
INGEN;Sølje pelsullgarn;642102 lys brun;linje ikke hos SF;;
INGEN;Sølje pelsullgarn;642107 lime;linje ikke hos SF;;
INGEN;Sølje pelsullgarn;642106 turkis;linje ikke hos SF;;
INGEN;Sølje pelsullgarn;642135 mellomblå;linje ikke hos SF;;
INGEN;Sølje pelsullgarn;642134 gressgrønn;linje ikke hos SF;;
INGEN;Alva;pistachio-mist Pistachio Mist;farge ikke hos SF;;
INGEN;Alva;386 Olive Noir;farge ikke hos SF;;
INGEN;Alva;388 Toffee;farge ikke hos SF;;
INGEN;Alva;vintage-rose Vintage Rose;farge ikke hos SF;;
INGEN;Alva;champagne Champagne;farge ikke hos SF;;
INGEN;Alva;bubblegum Bubblegum;farge ikke hos SF;;
INGEN;Alva;hibiscus Hibiscus;farge ikke hos SF;;
INGEN;Alva;calypso Calypso;farge ikke hos SF;;
INGEN;Alva;coral Coral;farge ikke hos SF;;
INGEN;Alva;tangelo-melange- Tangelo (melange);farge ikke hos SF;;
INGEN;Alva;chinese-red Chinese Red;farge ikke hos SF;;
INGEN;Alva;dark-bordeaux Dark Bordeaux;farge ikke hos SF;;
INGEN;Alva;gasoline Gasoline;farge ikke hos SF;;
INGEN;Alva;vibrant Vibrant;farge ikke hos SF;;
INGEN;Alva;apple-green Apple Green;farge ikke hos SF;;
INGEN;Alva;slate-green Slate Green;farge ikke hos SF;;
INGEN;Alva;sorrel Sorrel;farge ikke hos SF;;
INGEN;Alva;red-clay Red Clay;farge ikke hos SF;;
INGEN;Alva;sugar-almond Sugar Almond;farge ikke hos SF;;
INGEN;Alva;russet Russet;farge ikke hos SF;;
INGEN;Alva;winter-grey-melange- Winter Grey (melange);farge ikke hos SF;;
INGEN;Merinoull;1065 charcoal melange;farge ikke hos SF;;
INGEN;Kidsilk Erle;9071 Pink;farge ikke hos SF;;
INGEN;Kidsilk Erle;9079 Honningmelon;farge ikke hos SF;;
INGEN;Kidsilk Erle;9081 Eplemint;farge ikke hos SF;;
INGEN;Kidsilk Erle;9082 Klar rød;farge ikke hos SF;;
INGEN;Kidsilk Erle;9084 Ravgul;farge ikke hos SF;;
INGEN;Kidsilk Erle;9086 Pæregrønn;farge ikke hos SF;;
INGEN;Eventyrlig garn;7601 Natur;linje ikke hos SF;;
INGEN;Eventyrlig garn;7602 Lys grå melert;linje ikke hos SF;;
INGEN;Eventyrlig garn;7603 Svart;linje ikke hos SF;;
INGEN;Eventyrlig garn;7604 Koksgrå;linje ikke hos SF;;
INGEN;Eventyrlig garn;7605 Grå/rosa dott;linje ikke hos SF;;
INGEN;Eventyrlig garn;7606 Blå/brun dott;linje ikke hos SF;;
INGEN;Eventyrlig garn;7607 Turkis/blå dott;linje ikke hos SF;;
INGEN;Eventyrlig garn;7608 Lollipop dott;linje ikke hos SF;;
INGEN;Eventyrlig garn;7609 Karibiske striper;linje ikke hos SF;;
INGEN;Eventyrlig garn;7610 Sitron striper;linje ikke hos SF;;
INGEN;Eventyrlig garn;7611 Jeansblå striper;linje ikke hos SF;;
INGEN;Eventyrlig garn;7612 Rosa striper;linje ikke hos SF;;
INGEN;Eventyrlig garn;7613 Brun;linje ikke hos SF;;
INGEN;Eventyrlig garn;7614 Grønn;linje ikke hos SF;;
INGEN;Eventyrlig garn;7615 Lava striper;linje ikke hos SF;;
INGEN;Eventyrlig garn;7616 Bringebær striper;linje ikke hos SF;;
INGEN;Eventyrlig garn;7617 Skyggegrå striper;linje ikke hos SF;;
INGEN;Eventyrlig garn;7618 Lavendel striper;linje ikke hos SF;;
INGEN;Eventyrlig garn;7619 Mokka striper;linje ikke hos SF;;
INGEN;Eventyrlig garn;7620 Tutti frutti striper;linje ikke hos SF;;
INGEN;Glitter Effektgarn;201 Gull;linje ikke hos SF;;
INGEN;Glitter Effektgarn;202 Sølv;linje ikke hos SF;;
INGEN;Anina;225 Christmas Red;linje ikke hos SF;;
INGEN;Anina;356 Woodland Dawn;linje ikke hos SF;;
INGEN;Anina;357 Sumac;linje ikke hos SF;;
INGEN;Anina;826 Cantaloupe (melange);linje ikke hos SF;;
INGEN;Anina;334 Light Blush;linje ikke hos SF;;
INGEN;Anina;ballerina Ballerina;linje ikke hos SF;;
INGEN;Anina;820 Isabella (melange);linje ikke hos SF;;
INGEN;Anina;4142 Old Rose;linje ikke hos SF;;
INGEN;Anina;335 Peach Blossom;linje ikke hos SF;;
INGEN;Anina;245 Bordeaux;linje ikke hos SF;;
INGEN;Anina;235 Grape Royal;linje ikke hos SF;;
INGEN;Isager Silk Mohair;75100;linje ikke hos SF;;
INGEN;Isager Silk Mohair;7559;linje ikke hos SF;;
INGEN;Isager Silk Mohair;7512;linje ikke hos SF;;
INGEN;Isager Silk Mohair;757S;linje ikke hos SF;;
INGEN;Isager Silk Mohair;750;linje ikke hos SF;;
INGEN;Tilia;382 Dark Bordeaux;farge ikke hos SF;;
INGEN;Tilia;278 Delicate Orchid;farge ikke hos SF;;
INGEN;Tilia;summer-sky Summer Sky;farge ikke hos SF;;
INGEN;Tilia;342 Arctic Blue;farge ikke hos SF;;
INGEN;Tilia;289 Blue Coral;farge ikke hos SF;;
INGEN;Tilia;326 Meadow;farge ikke hos SF;;
INGEN;Tilia;351 Tapenade;farge ikke hos SF;;
INGEN;Sterk;905 Turkis;farge ikke hos SF;;
INGEN;Sterk;906 Grangrønn;farge ikke hos SF;;
INGEN;Sterk;908 Muldvarp;farge ikke hos SF;;
INGEN;Sterk;909 Lilac;farge ikke hos SF;;
INGEN;Sterk;911 Rosa kamel;farge ikke hos SF;;
INGEN;Sterk;913 Lys gul;farge ikke hos SF;;
INGEN;Sterk;915 Mintgrønn;farge ikke hos SF;;
INGEN;Sterk;916 Teblad;farge ikke hos SF;;
INGEN;Sterk;917 Lys oliven;farge ikke hos SF;;
INGEN;Sterk;919 Tropisk blå;farge ikke hos SF;;
INGEN;Sterk;921 Grå/kamel print;farge ikke hos SF;;
INGEN;Sterk;922 Natur/brun/rød/safran print;farge ikke hos SF;;
INGEN;Sterk;923 Natur/rosa print;farge ikke hos SF;;
INGEN;Sterk;924 Sand/rosa print;farge ikke hos SF;;
INGEN;Sterk;925 Hvit/neon print;farge ikke hos SF;;
INGEN;Sterk;926 Hvit/blå print;farge ikke hos SF;;
INGEN;Sterk;927 Bordeaux tweed;farge ikke hos SF;;
INGEN;Sterk;928 Karibisk blå tweed;farge ikke hos SF;;
INGEN;Sterk;929 Hvit tweed;farge ikke hos SF;;
INGEN;Sterk;930 Lys grå melert tweed;farge ikke hos SF;;
INGEN;Sterk;931 Grå melert tweed;farge ikke hos SF;;
INGEN;Sterk;932 Lys beige melert tweed;farge ikke hos SF;;
INGEN;Sterk;933 Brun melert tweed;farge ikke hos SF;;
INGEN;Sterk;934 Dyp rød tweed;farge ikke hos SF;;
INGEN;Sterk;935 Furugrønn tweed;farge ikke hos SF;;
INGEN;Sterk;936 Bordeaux;farge ikke hos SF;;
INGEN;Børstet Alpakka;7772 rainforest;farge ikke hos SF;;
INGEN;Luna lamullgarn;56417 marineblå;linje ikke hos SF;;
INGEN;Luna lamullgarn;56406 rød;linje ikke hos SF;;
INGEN;Luna lamullgarn;56464 olivenbrun;linje ikke hos SF;;
INGEN;Luna lamullgarn;56463 antrasitt;linje ikke hos SF;;
INGEN;Luna lamullgarn;56462 karamell;linje ikke hos SF;;
INGEN;Luna lamullgarn;56461 kamel;linje ikke hos SF;;
INGEN;Luna lamullgarn;56460 pastellgrønn;linje ikke hos SF;;
INGEN;Luna lamullgarn;56459 lys gul;linje ikke hos SF;;
INGEN;Luna lamullgarn;56458 lys turkisgrønn;linje ikke hos SF;;
INGEN;Luna lamullgarn;56457 pastellrosa;linje ikke hos SF;;
INGEN;Luna lamullgarn;56455 lys rosa;linje ikke hos SF;;
INGEN;Luna lamullgarn;56434 lys petrol;linje ikke hos SF;;
INGEN;Luna lamullgarn;56431 støvet lys grønn;linje ikke hos SF;;
INGEN;Luna lamullgarn;56430 støvet grønn;linje ikke hos SF;;
INGEN;Luna lamullgarn;56419 burgunder;linje ikke hos SF;;
INGEN;Luna lamullgarn;56409 lys blågrå;linje ikke hos SF;;
INGEN;Luna lamullgarn;56469 burgunderbrun;linje ikke hos SF;;
INGEN;Luna lamullgarn;56468 dyp rosa;linje ikke hos SF;;
INGEN;Luna lamullgarn;56467 støvet gulgrønn;linje ikke hos SF;;
INGEN;Luna lamullgarn;56466 lys lime;linje ikke hos SF;;
INGEN;Luna lamullgarn;56465 blek lilla;linje ikke hos SF;;
INGEN;Luna lamullgarn;56454 lys burgunder;linje ikke hos SF;;
INGEN;Luna lamullgarn;56441 honning;linje ikke hos SF;;
INGEN;Luna lamullgarn;56439 brun;linje ikke hos SF;;
INGEN;Luna lamullgarn;56432 dyp grønn;linje ikke hos SF;;
INGEN;Luna lamullgarn;56453 lys koksgrå;linje ikke hos SF;;
INGEN;Luna lamullgarn;56452 melert mørk brun;linje ikke hos SF;;
INGEN;Luna lamullgarn;56450 melert lys brun;linje ikke hos SF;;
INGEN;Luna lamullgarn;56451 melert mellombrun;linje ikke hos SF;;
INGEN;Luna lamullgarn;56449 melert lys beige;linje ikke hos SF;;
INGEN;Luna lamullgarn;56429 lys lilla;linje ikke hos SF;;
INGEN;Luna lamullgarn;56438 mørk brun;linje ikke hos SF;;
INGEN;Luna lamullgarn;56418 dyp mørk grønn;linje ikke hos SF;;
INGEN;Luna lamullgarn;56426 mørk lillarosa;linje ikke hos SF;;
INGEN;Luna lamullgarn;56425 mellomblå;linje ikke hos SF;;
INGEN;Luna lamullgarn;56424 grønn;linje ikke hos SF;;
INGEN;Luna lamullgarn;56422 oransje;linje ikke hos SF;;
INGEN;Luna lamullgarn;56421 varm gul;linje ikke hos SF;;
INGEN;Luna lamullgarn;56427 korall;linje ikke hos SF;;
INGEN;Luna lamullgarn;56420 ecru;linje ikke hos SF;;
INGEN;Finull;401 Natur;linje ikke hos SF;;
INGEN;Finull;400 Hvit;linje ikke hos SF;;
INGEN;Finull;403 Lys grå melert;linje ikke hos SF;;
INGEN;Finull;404 Grå melert;linje ikke hos SF;;
INGEN;Finull;405 Mørk Grå melert;linje ikke hos SF;;
INGEN;Finull;414 Koksgrå melert;linje ikke hos SF;;
INGEN;Finull;436 Svart;linje ikke hos SF;;
INGEN;Finull;410 Sauesvart;linje ikke hos SF;;
INGEN;Finull;4387 Mørk blågrå;linje ikke hos SF;;
INGEN;Finull;4006 Blågrå;linje ikke hos SF;;
INGEN;Finull;4287 Lys blågrå;linje ikke hos SF;;
INGEN;Finull;4078 Lys beige melert;linje ikke hos SF;;
INGEN;Finull;452 Gråbeige;linje ikke hos SF;;
INGEN;Finull;4187 Beige;linje ikke hos SF;;
INGEN;Finull;420 Mørk beige;linje ikke hos SF;;
INGEN;Finull;4064 Rødbrun;linje ikke hos SF;;
INGEN;Finull;422 Mørk brun;linje ikke hos SF;;
INGEN;Finull;4077 Sand;linje ikke hos SF;;
INGEN;Finull;4067 Kamelbrun;linje ikke hos SF;;
INGEN;Finull;4065 Mørk kamelbrun;linje ikke hos SF;;
INGEN;Finull;406 Beige melert;linje ikke hos SF;;
INGEN;Finull;411 Brun melert;linje ikke hos SF;;
INGEN;Finull;464 Rødbrun melert;linje ikke hos SF;;
INGEN;Finull;488 Mørk burgunder;linje ikke hos SF;;
INGEN;Finull;497 Burgunder;linje ikke hos SF;;
INGEN;Finull;432 Dyp grønn;linje ikke hos SF;;
INGEN;Finull;494 Mørk grønn;linje ikke hos SF;;
INGEN;Finull;4025 Mørk petrol;linje ikke hos SF;;
INGEN;Finull;484 Petrol;linje ikke hos SF;;
INGEN;Finull;4186 Sjøgrønn;linje ikke hos SF;;
INGEN;Finull;4023 Lys sjøgrønn;linje ikke hos SF;;
INGEN;Finull;4887 Mintgrønn;linje ikke hos SF;;
INGEN;Finull;4106 Lys mintgrønn;linje ikke hos SF;;
INGEN;Finull;4215 Jadegrønn;linje ikke hos SF;;
INGEN;Finull;493 Lys grønn;linje ikke hos SF;;
INGEN;Finull;458 Vårgrønn;linje ikke hos SF;;
INGEN;Finull;455 Eplegrønn;linje ikke hos SF;;
INGEN;Finull;430 Grønn;linje ikke hos SF;;
INGEN;Finull;4018 Gressgrønn;linje ikke hos SF;;
INGEN;Finull;454 Limegrønn;linje ikke hos SF;;
INGEN;Finull;4105 Signalgrønn;linje ikke hos SF;;
INGEN;Finull;498 Lys mosegrønn;linje ikke hos SF;;
INGEN;Finull;489 Kakigrønn;linje ikke hos SF;;
INGEN;Finull;476 Mosegrønn;linje ikke hos SF;;
INGEN;Finull;486 Mørk mosegrønn;linje ikke hos SF;;
INGEN;Finull;4014 Skogsgrønn;linje ikke hos SF;;
INGEN;Finull;4010 Olivengrønn;linje ikke hos SF;;
INGEN;Finull;417 Lys olivengrønn;linje ikke hos SF;;
INGEN;Finull;4805 Sennepsgul;linje ikke hos SF;;
INGEN;Finull;402 Lys strågul;linje ikke hos SF;;
INGEN;Finull;4115 Lys gul;linje ikke hos SF;;
INGEN;Finull;4405 Sitrongul;linje ikke hos SF;;
INGEN;Finull;412 Gul;linje ikke hos SF;;
INGEN;Finull;450 Mørk gul;linje ikke hos SF;;
INGEN;Finull;4095 Kremgul;linje ikke hos SF;;
INGEN;Finull;4986 Lys honninggul;linje ikke hos SF;;
INGEN;Finull;4075 Honninggul;linje ikke hos SF;;
INGEN;Finull;4076 Mørk sennepsgul;linje ikke hos SF;;
INGEN;Finull;4305 Guloransje;linje ikke hos SF;;
INGEN;Finull;460 Lys rustoransje;linje ikke hos SF;;
INGEN;Finull;461 Rustoransje;linje ikke hos SF;;
INGEN;Finull;434 Terrakotta;linje ikke hos SF;;
INGEN;Finull;418 Høyrød;linje ikke hos SF;;
INGEN;Finull;424 Rød;linje ikke hos SF;;
INGEN;Finull;425 Kobberrød;linje ikke hos SF;;
INGEN;Finull;428 Vinrød;linje ikke hos SF;;
INGEN;Finull;419 Rustrød;linje ikke hos SF;;
INGEN;Finull;435 Mørk rød;linje ikke hos SF;;
INGEN;Finull;469 Dempet rød;linje ikke hos SF;;
INGEN;Finull;4071 Mørk oransje;linje ikke hos SF;;
INGEN;Finull;4205 Oransje;linje ikke hos SF;;
INGEN;Finull;4069 Fersken;linje ikke hos SF;;
INGEN;Finull;4206 Lys pudderrosa;linje ikke hos SF;;
INGEN;Finull;4087 Pudderrosa;linje ikke hos SF;;
INGEN;Finull;439 Bringebærrød;linje ikke hos SF;;
INGEN;Finull;456 Rosarød;linje ikke hos SF;;
INGEN;Finull;4571 Gammelrosa;linje ikke hos SF;;
INGEN;Finull;465 Mørk rosa;linje ikke hos SF;;
INGEN;Finull;4886 Mørk cerise;linje ikke hos SF;;
INGEN;Finull;4686 Skarp rosa;linje ikke hos SF;;
INGEN;Finull;479 Rosa;linje ikke hos SF;;
INGEN;Finull;478 Lakserosa;linje ikke hos SF;;
INGEN;Finull;4094 Lys rosa;linje ikke hos SF;;
INGEN;Finull;466 Mørk gammelrosa;linje ikke hos SF;;
INGEN;Finull;499 Mørk bringebærrød;linje ikke hos SF;;
INGEN;Finull;427 Lyng;linje ikke hos SF;;
INGEN;Finull;473 Lys lyng;linje ikke hos SF;;
INGEN;Finull;487 Grålilla;linje ikke hos SF;;
INGEN;Finull;470 Mørk lilla;linje ikke hos SF;;
INGEN;Finull;441 Aubergine;linje ikke hos SF;;
INGEN;Finull;496 Rødlilla;linje ikke hos SF;;
INGEN;Finull;4048 Lys rødlilla;linje ikke hos SF;;
INGEN;Finull;4306 Lys lilla;linje ikke hos SF;;
INGEN;Finull;471 Lavendel;linje ikke hos SF;;
INGEN;Finull;4088 Lilla;linje ikke hos SF;;
INGEN;Finull;4041 Blålilla;linje ikke hos SF;;
INGEN;Finull;4042 Mørk lilla;linje ikke hos SF;;
INGEN;Finull;442 Mørk rødlilla;linje ikke hos SF;;
INGEN;Finull;474 Mørk blålilla;linje ikke hos SF;;
INGEN;Finull;449 Mørk blå;linje ikke hos SF;;
INGEN;Tinde pelsullgarn;652144 lys koksgrå;linje ikke hos SF;;
INGEN;Tinde pelsullgarn;652142 støvet lys lime;linje ikke hos SF;;
INGEN;Tinde pelsullgarn;652141 ren grønn;linje ikke hos SF;;
INGEN;Tinde pelsullgarn;652140 støvet ismint;linje ikke hos SF;;
INGEN;Tinde pelsullgarn;652139 støvet flyblå;linje ikke hos SF;;
INGEN;Tinde pelsullgarn;652138 rødbrun;linje ikke hos SF;;
INGEN;Tinde pelsullgarn;652111 gråfiolett;linje ikke hos SF;;
INGEN;Tinde pelsullgarn;652125 lys marine;linje ikke hos SF;;
INGEN;Tinde pelsullgarn;652136 lys rødlig beige;linje ikke hos SF;;
INGEN;Tinde pelsullgarn;652134 gressgrønn;linje ikke hos SF;;
INGEN;Tinde pelsullgarn;652133 marineblå;linje ikke hos SF;;
INGEN;Tinde pelsullgarn;652132 rød;linje ikke hos SF;;
INGEN;Tinde pelsullgarn;652131 burgunderlilla;linje ikke hos SF;;
INGEN;Tinde pelsullgarn;652130 lys turkis;linje ikke hos SF;;
INGEN;Tinde pelsullgarn;652128 grålig lavendelblå;linje ikke hos SF;;
INGEN;Tinde pelsullgarn;652126 grønn;linje ikke hos SF;;
INGEN;Tinde pelsullgarn;652137 støvet rosa;linje ikke hos SF;;
INGEN;Tinde pelsullgarn;652135 mellomblå;linje ikke hos SF;;
INGEN;Tinde pelsullgarn;652122 rødgul;linje ikke hos SF;;
INGEN;Tinde pelsullgarn;652119 gul;linje ikke hos SF;;
INGEN;Tinde pelsullgarn;652118 olivengrønn;linje ikke hos SF;;
INGEN;Tinde pelsullgarn;652116 mørk brun;linje ikke hos SF;;
INGEN;Tinde pelsullgarn;652113 lys dongeriblå;linje ikke hos SF;;
INGEN;Tinde pelsullgarn;652109 svart;linje ikke hos SF;;
INGEN;Tinde pelsullgarn;652108 oker;linje ikke hos SF;;
INGEN;Tinde pelsullgarn;652107 lime;linje ikke hos SF;;
INGEN;Tinde pelsullgarn;652106 turkis;linje ikke hos SF;;
INGEN;Tinde pelsullgarn;652105 petrol;linje ikke hos SF;;
INGEN;Tinde pelsullgarn;652103 cognac;linje ikke hos SF;;
INGEN;Tinde pelsullgarn;652102 lys brun;linje ikke hos SF;;
INGEN;Tinde pelsullgarn;652101 beige;linje ikke hos SF;;
INGEN;Tinde pelsullgarn;652115 naturgrå;linje ikke hos SF;;
INGEN;Tinde pelsullgarn;652114 mørk rosa;linje ikke hos SF;;
INGEN;Tinde pelsullgarn;652110 rosa;linje ikke hos SF;;
INGEN;Tinde pelsullgarn;652104 burgunder;linje ikke hos SF;;
INGEN;Vilja;olive-noir Olive Noir;farge ikke hos SF;;
INGEN;Vilja;370 Flamingo;farge ikke hos SF;;
INGEN;Vilja;light-blush Light Blush;farge ikke hos SF;;
INGEN;Vilja;227 Old Rose;farge ikke hos SF;;
INGEN;Vilja;286 Purpur;farge ikke hos SF;;
INGEN;Vilja;238 Bramble;farge ikke hos SF;;
INGEN;Vilja;245 Bordeaux;farge ikke hos SF;;
INGEN;Vilja;807 Boysenberry (melange);farge ikke hos SF;;
INGEN;Vilja;361 Madeira Rose;farge ikke hos SF;;
INGEN;Vilja;coral-sunset Coral Sunset;farge ikke hos SF;;
INGEN;Vilja;360 Azalea;farge ikke hos SF;;
INGEN;Vilja;225 Christmas Red;farge ikke hos SF;;
INGEN;Vilja;810 Chrysanthemum (melange);farge ikke hos SF;;
INGEN;Vilja;pumpkin Pumpkin;farge ikke hos SF;;
INGEN;Vilja;237 Autumn Orange;farge ikke hos SF;;
INGEN;Vilja;827 Dijon (melange);farge ikke hos SF;;
INGEN;Vilja;352 Red Squirrel;farge ikke hos SF;;
INGEN;Vilja;285 Curry;farge ikke hos SF;;
INGEN;Vilja;367 Lemongrass;farge ikke hos SF;;
INGEN;Vilja;809 Avocado (melange);farge ikke hos SF;;
INGEN;Vilja;221 Thyme;farge ikke hos SF;;
INGEN;Vilja;244 Forest Green;farge ikke hos SF;;
INGEN;Vilja;146 Deep Sea;farge ikke hos SF;;
INGEN;Vilja;147 Hunter Green;farge ikke hos SF;;
INGEN;Vilja;808 Aqua Mist (melange);farge ikke hos SF;;
INGEN;Vilja;368 Eucalyptus;farge ikke hos SF;;
INGEN;Vilja;197 Aqua;farge ikke hos SF;;
INGEN;Vilja;819 Raindrop (melange);farge ikke hos SF;;
INGEN;Vilja;235 Ice Blue;farge ikke hos SF;;
INGEN;Vilja;231 Delphinium Blue;farge ikke hos SF;;
INGEN;Vilja;814 Storm Blue (melange);farge ikke hos SF;;
INGEN;Vilja;228 Smoke Blue;farge ikke hos SF;;
INGEN;Vilja;142 Periwinkle;farge ikke hos SF;;
INGEN;Vilja;337 Bright Cobalt;farge ikke hos SF;;
INGEN;Vilja;145 Navy Blue;farge ikke hos SF;;
INGEN;Vilja;229 Sailor Blue;farge ikke hos SF;;
INGEN;Vilja;319 Blue Violet;farge ikke hos SF;;
INGEN;Vilja;230 Lavender Mist;farge ikke hos SF;;
INGEN;Vilja;369 Slightly Purple;farge ikke hos SF;;
INGEN;Vilja;500 Black;farge ikke hos SF;;
INGEN;Vilja;404 Charcoal (melange);farge ikke hos SF;;
INGEN;Vilja;antracite Antracite;farge ikke hos SF;;
INGEN;Vilja;402 Medium Grey (melange);farge ikke hos SF;;
INGEN;Vilja;401 Light Grey (melange);farge ikke hos SF;;
INGEN;Vilja;950 Winter Grey (melange);farge ikke hos SF;;
INGEN;Vilja;100 Natural White;farge ikke hos SF;;
INGEN;Vilja;977 Marzipan (melange);farge ikke hos SF;;
INGEN;Vilja;207 Desert Sand;farge ikke hos SF;;
INGEN;Vilja;979 Pebbles (melange);farge ikke hos SF;;
INGEN;Vilja;208 Cardamom;farge ikke hos SF;;
INGEN;Vilja;976 Taupe (melange);farge ikke hos SF;;
INGEN;Vilja;302 Coffee Bean;farge ikke hos SF;;
INGEN;Vilja;409 Espresso;farge ikke hos SF;;
INGEN;Norsk villsaugarn;54115 naturgrå;linje ikke hos SF;;
INGEN;Norsk villsaugarn;5411510 naturgrå;linje ikke hos SF;;
INGEN;Finull (2);459 Marineblå;linje ikke hos SF;;
INGEN;Finull (2);482 Midnattsblå;linje ikke hos SF;;
INGEN;Finull (2);443 Mørk jeansblå;linje ikke hos SF;;
INGEN;Finull (2);4036 Jeansblå;linje ikke hos SF;;
INGEN;Finull (2);4385 Lys jeansblå;linje ikke hos SF;;
INGEN;Finull (2);437 Blå;linje ikke hos SF;;
INGEN;Finull (2);467 Kongeblå;linje ikke hos SF;;
INGEN;Finull (2);438 Bondeblå;linje ikke hos SF;;
INGEN;Finull (2);4034 Mørk Turkis;linje ikke hos SF;;
INGEN;Finull (2);4605 Turkis;linje ikke hos SF;;
INGEN;Finull (2);4705 Lys turkis;linje ikke hos SF;;
INGEN;Finull (2);483 Lys petrol;linje ikke hos SF;;
INGEN;Finull (2);451 Lys bondeblå;linje ikke hos SF;;
INGEN;Finull (2);472 Himmelblå;linje ikke hos SF;;
INGEN;Finull (2);4406 Lys blå;linje ikke hos SF;;
INGEN;Finull (2);4139 Lys blå melert;linje ikke hos SF;;
INGEN;Finull (2);4138 Pudderrosa melert;linje ikke hos SF;;
INGEN;Finull (2);4133 Lys rosa melert;linje ikke hos SF;;
INGEN;Finull (2);4135 Lys lilla melert;linje ikke hos SF;;
INGEN;Finull (2);4128 Lilla melert;linje ikke hos SF;;
INGEN;Finull (2);4126 Lyng melert;linje ikke hos SF;;
INGEN;Finull (2);4131 Dempet rød melert;linje ikke hos SF;;
INGEN;Finull (2);4120 Rød melert;linje ikke hos SF;;
INGEN;Finull (2);4132 Rustrød melert;linje ikke hos SF;;
INGEN;Finull (2);4121 Mørk orange melert;linje ikke hos SF;;
INGEN;Finull (2);4125 Okergul melert;linje ikke hos SF;;
INGEN;Finull (2);4123 Mørk petrol melert;linje ikke hos SF;;
INGEN;Finull (2);4124 Blå melert;linje ikke hos SF;;
INGEN;Finull (2);4127 Petrol melert;linje ikke hos SF;;
INGEN;Finull (2);4136 Mintgrønn melert;linje ikke hos SF;;
INGEN;Finull (2);4137 Gul melert;linje ikke hos SF;;
INGEN;Finull (2);4134 Lys gul melert;linje ikke hos SF;;
INGEN;Finull (2);4129 Mosegrønn melert;linje ikke hos SF;;
INGEN;Finull (2);4130 Grønn melert;linje ikke hos SF;;
INGEN;Finull (2);4122 Mørk grønn melert;linje ikke hos SF;;
INGEN;Finull (2);4423 Bunadsgrønn;linje ikke hos SF;;
INGEN;Finull (2);4447 Bunadsblå;linje ikke hos SF;;
INGEN;Baby Ull;0004 Lys grå melert;linje ikke hos SF;;
INGEN;Baby Ull;0010 Hvit;linje ikke hos SF;;
INGEN;Baby Ull;0017 Halvbleket hvit;linje ikke hos SF;;
INGEN;Baby Ull;0020 Ubleket hvit;linje ikke hos SF;;
INGEN;Baby Ull;0090 Svart;linje ikke hos SF;;
INGEN;Baby Ull;3841 Beige melert;linje ikke hos SF;;
INGEN;Baby Ull;4018 Rød;linje ikke hos SF;;
INGEN;Baby Ull;5755 Marine;linje ikke hos SF;;
INGEN;Baby Ull;8502 Dus gammelrosa;linje ikke hos SF;;
INGEN;Baby Ull;8506 Denim;linje ikke hos SF;;
INGEN;Baby Ull;8520 Dus jadegrønn;linje ikke hos SF;;
INGEN;Baby Ull;8532 Lys Lavendel;linje ikke hos SF;;
INGEN;Baby Ull;8537 Mintgrønn;linje ikke hos SF;;
INGEN;Baby Ull;8539 Kitt;linje ikke hos SF;;
INGEN;Baby Ull;8540 Kongeblå;linje ikke hos SF;;
INGEN;Baby Ull;8545 Kamel;linje ikke hos SF;;
INGEN;Baby Ull;8546 Karibisk blå;linje ikke hos SF;;
INGEN;Baby Ull;8552 Lys gul;linje ikke hos SF;;
INGEN;Baby Ull;8553 Tropisk blå;linje ikke hos SF;;
INGEN;Baby Ull;8554 Latte;linje ikke hos SF;;
INGEN;Baby Ull;8556 Koksgrå;linje ikke hos SF;;
INGEN;Baby Ull;8558 Lys blå;linje ikke hos SF;;
INGEN;Baby Ull;8559 Honningmelon;linje ikke hos SF;;
INGEN;Baby Ull;8560 Pudderrosa;linje ikke hos SF;;
INGEN;Baby Ull;8561 Fuksia;linje ikke hos SF;;
INGEN;Baby Ull;8562 Bordeaux;linje ikke hos SF;;
INGEN;Baby Ull;8563 Armygrønn;linje ikke hos SF;;
INGEN;KlompeLOMPE Merinoull;2025 maisgul;linje ikke hos SF;;
INGEN;Sol lamullgarn;58456 støvet oliven;linje ikke hos SF;;
INGEN;Sol lamullgarn;58454 lys burgunder;linje ikke hos SF;;
INGEN;Sol lamullgarn;58451 melert mellombrun;linje ikke hos SF;;
INGEN;Sol lamullgarn;58447 rosa;linje ikke hos SF;;
INGEN;Sol lamullgarn;58453 lys koksgrå;linje ikke hos SF;;
INGEN;Sol lamullgarn;58452 melert mørk brun;linje ikke hos SF;;
INGEN;Sol lamullgarn;58450 melert lys brun;linje ikke hos SF;;
INGEN;Sol lamullgarn;58434 lys petrol;linje ikke hos SF;;
INGEN;Sol lamullgarn;58449 melert lys beige;linje ikke hos SF;;
INGEN;Sol lamullgarn;58427 korall;linje ikke hos SF;;
INGEN;Sol lamullgarn;58441 honning;linje ikke hos SF;;
INGEN;Sol lamullgarn;58439 brun;linje ikke hos SF;;
INGEN;Sol lamullgarn;58425 mellomblå;linje ikke hos SF;;
INGEN;Sol lamullgarn;58420 ecru;linje ikke hos SF;;
INGEN;Sol lamullgarn;58448 melert mørk kamel;linje ikke hos SF;;
INGEN;Sol lamullgarn;58435 lys turkis;linje ikke hos SF;;
INGEN;Sol lamullgarn;58428 lys oransje;linje ikke hos SF;;
INGEN;Sol lamullgarn;58445 lys rustoransje;linje ikke hos SF;;
INGEN;Sol lamullgarn;58419 burgunder;linje ikke hos SF;;
INGEN;Sol lamullgarn;58418 dyp mørk grønn;linje ikke hos SF;;
INGEN;Sol lamullgarn;58417 marineblå;linje ikke hos SF;;
INGEN;Sol lamullgarn;58408 lys blå;linje ikke hos SF;;
INGEN;Sol lamullgarn;58407 gammelrosa;linje ikke hos SF;;
INGEN;Sol lamullgarn;58406 rød;linje ikke hos SF;;
INGEN;Sol lamullgarn;58405 rødlig oransje;linje ikke hos SF;;
INGEN;Sol lamullgarn;58404 oker;linje ikke hos SF;;
INGEN;Sol lamullgarn;58403 mellombrun;linje ikke hos SF;;
INGEN;Sol lamullgarn;58402 beige;linje ikke hos SF;;
INGEN;Sol lamullgarn;58401 lys gul;linje ikke hos SF;;
INGEN;Sol lamullgarn;58409 lys blågrå;linje ikke hos SF;;
INGEN;Sol lamullgarn;58410 lys grønnturkis;linje ikke hos SF;;
INGEN;Sol lamullgarn;58413 melert lys grå;linje ikke hos SF;;
INGEN;Sol lamullgarn;58412 lys grønn;linje ikke hos SF;;
INGEN;Sol lamullgarn;58411 lys flyblå;linje ikke hos SF;;
INGEN;Sol lamullgarn;58416 blek rosa;linje ikke hos SF;;
INGEN;Sol lamullgarn;58415 koksgrå;linje ikke hos SF;;
INGEN;Sol lamullgarn;58414 svart;linje ikke hos SF;;
INGEN;Sol lamullgarn;58400 ubleket hvit;linje ikke hos SF;;
INGEN;KlompeLOMPE Tynn Merinoull;4043 plommerosa;linje ikke hos SF;;
INGEN;KlompeLOMPE Tynn Merinoull;3544 brunrosa;linje ikke hos SF;;
INGEN;KlompeLOMPE Tynn Merinoull;3332 pudderbrun;linje ikke hos SF;;
INGEN;KlompeLOMPE Tynn Merinoull;3837 roed tegl;linje ikke hos SF;;
INGEN;Bomull Sport;300 Natur;linje ikke hos SF;;
INGEN;Bomull Sport;301 Svart;linje ikke hos SF;;
INGEN;Bomull Sport;302 Hvit;linje ikke hos SF;;
INGEN;Bomull Sport;305 Mørk rød;linje ikke hos SF;;
INGEN;Bomull Sport;307 Marine;linje ikke hos SF;;
INGEN;Bomull Sport;323 Lys rosa;linje ikke hos SF;;
INGEN;Bomull Sport;326 Fiolblå;linje ikke hos SF;;
INGEN;Bomull Sport;331 Lyng;linje ikke hos SF;;
INGEN;Bomull Sport;337 Oransje;linje ikke hos SF;;
INGEN;Bomull Sport;340 Lys blå;linje ikke hos SF;;
INGEN;Bomull Sport;357 Gul;linje ikke hos SF;;
INGEN;Bomull Sport;365 Oliven;linje ikke hos SF;;
INGEN;Bomull Sport;375 Brun;linje ikke hos SF;;
INGEN;Bomull Sport;381 Sølvgrå;linje ikke hos SF;;
INGEN;Bomull Sport;384 Kitt;linje ikke hos SF;;
INGEN;Bomull Sport;385 Dus rose;linje ikke hos SF;;
INGEN;Bomull Sport;386 Blågrønn;linje ikke hos SF;;
INGEN;Bomull Sport;388 Lys denim;linje ikke hos SF;;
INGEN;Bomull Sport;390 Pink;linje ikke hos SF;;
INGEN;Bomull Sport;391 Skarp grønn;linje ikke hos SF;;
INGEN;Bomull Sport;392 Nøttebrun;linje ikke hos SF;;
INGEN;Bomull Sport;393 Muldvarp;linje ikke hos SF;;
INGEN;Bomull Sport;394 Gul/Oransje print;linje ikke hos SF;;
INGEN;Bomull Sport;395 Rosa/Oransje print;linje ikke hos SF;;
INGEN;Bomull Sport;396 Turkis/Lilla print;linje ikke hos SF;;
INGEN;Bomull Sport;397 Grønn/Petrol print;linje ikke hos SF;;
INGEN;Bomull Sport;398 Teblad;linje ikke hos SF;;
INGEN;Bomull Sport;399 Flamingo;linje ikke hos SF;;
INGEN;Bomull Sport;400 Lys gul;linje ikke hos SF;;
INGEN;Bomull Sport;401 Pæregrønn;linje ikke hos SF;;
INGEN;Bomull Sport;402 Tropisk blå;linje ikke hos SF;;
INGEN;Bomull Sport;403 Honningmelon;linje ikke hos SF;;
INGEN;Bomull Sport;404 Purpur;linje ikke hos SF;;
INGEN;Bomull Sport;405 Solgul;linje ikke hos SF;;
INGEN;Cortina Soft;700 Natur;linje ikke hos SF;;
INGEN;Cortina Soft;701 Svart;linje ikke hos SF;;
INGEN;Cortina Soft;703 Lys grå melert;linje ikke hos SF;;
INGEN;Cortina Soft;705 Grå melert;linje ikke hos SF;;
INGEN;Cortina Soft;706 Marine;linje ikke hos SF;;
INGEN;Cortina Soft;709 Valmue rød;linje ikke hos SF;;
INGEN;Cortina Soft;727 Koks melert;linje ikke hos SF;;
INGEN;Cortina Soft;757 Gul;linje ikke hos SF;;
INGEN;Cortina Soft;786 Denim;linje ikke hos SF;;
INGEN;Cortina Soft;794 Hvit;linje ikke hos SF;;
INGEN;Cortina Soft;797 Beige;linje ikke hos SF;;
INGEN;Cortina Soft;798 Brun melert;linje ikke hos SF;;
INGEN;Cortina Soft;799 Kamel;linje ikke hos SF;;
INGEN;Cortina Soft;803 Oker;linje ikke hos SF;;
INGEN;Cortina Soft;804 Flamingo print;linje ikke hos SF;;
INGEN;Cortina Soft;805 Lollipop print;linje ikke hos SF;;
INGEN;Cortina Soft;806 Sukkertøy print;linje ikke hos SF;;
INGEN;Cortina Soft;808 Blå print;linje ikke hos SF;;
INGEN;Cortina Soft;809 Armygrønn;linje ikke hos SF;;
INGEN;Cortina Soft;810 Indigoblå;linje ikke hos SF;;
INGEN;Cortina Soft;811 Kitt tweed;linje ikke hos SF;;
INGEN;Cortina Soft;812 Lys gul;linje ikke hos SF;;
INGEN;Cortina Soft;813 Mørk brun melert;linje ikke hos SF;;
INGEN;Cortina Soft;814 Lys denim;linje ikke hos SF;;
INGEN;Cortina Soft;815 Turkis melert;linje ikke hos SF;;
INGEN;Cortina Soft;816 Blålilla melert;linje ikke hos SF;;
INGEN;Cortina Soft;817 Grønn melert;linje ikke hos SF;;
INGEN;Cortina Soft;818 Rosa melert;linje ikke hos SF;;
INGEN;Fritidsgarn;2573 monks robe;farge ikke hos SF;;
INGEN;Fritidsgarn;4372 dyp burgunder;farge ikke hos SF;;
INGEN;Fritidsgarn;7772 rainforest;farge ikke hos SF;;
INGEN;Fritidsgarn;9564 matcha;farge ikke hos SF;;
INGEN;Lamull;L11 Natur;linje ikke hos SF;;
INGEN;Lamull;422 Mørk brun;linje ikke hos SF;;
INGEN;Lamull;411 Brun melert;linje ikke hos SF;;
INGEN;Lamull;L34 Brun;linje ikke hos SF;;
INGEN;Lamull;125 Kasjmir;linje ikke hos SF;;
INGEN;Lamull;4078 Lys beige melert;linje ikke hos SF;;
INGEN;Lamull;L10 Hvit;linje ikke hos SF;;
INGEN;Lamull;L12 Lys gråmelert;linje ikke hos SF;;
INGEN;Lamull;L13 Grå melert;linje ikke hos SF;;
INGEN;Lamull;L05 Mørk gråmelert;linje ikke hos SF;;
INGEN;Lamull;L15 Svart;linje ikke hos SF;;
INGEN;Lamull;4387 Mørk blågrå;linje ikke hos SF;;
INGEN;Lamull;L43 Rød;linje ikke hos SF;;
INGEN;Lamull;L29 Kobberrød;linje ikke hos SF;;
INGEN;Lamull;L35 Mørk rød;linje ikke hos SF;;
INGEN;Lamull;95 Tomatrød;linje ikke hos SF;;
INGEN;Lamull;L27 Guloransje;linje ikke hos SF;;
INGEN;Lamull;L61 Solgul;linje ikke hos SF;;
INGEN;Lamull;4095 Kremgul;linje ikke hos SF;;
INGEN;Lamull;190 Pistasje;linje ikke hos SF;;
INGEN;Lamull;L54 Jadegrønn;linje ikke hos SF;;
INGEN;Lamull;112 Spiregrønn;linje ikke hos SF;;
INGEN;Lamull;L94 Mørk grønn;linje ikke hos SF;;
INGEN;Lamull;L31 Dyp grønn;linje ikke hos SF;;
INGEN;Lamull;486 Mørk mosegrønn;linje ikke hos SF;;
INGEN;Lamull;488 Mørk burgunder;linje ikke hos SF;;
INGEN;Lamull;496 Rødlilla;linje ikke hos SF;;
INGEN;Lamull;105 Lavendel;linje ikke hos SF;;
INGEN;Lamull;115 Lys rosa;linje ikke hos SF;;
INGEN;Lamull;38 Rosa sky;linje ikke hos SF;;
INGEN;Lamull;37 Blå puddel;linje ikke hos SF;;
INGEN;Lamull;L22 Lys blå;linje ikke hos SF;;
INGEN;Lamull;L70 Lys turkis;linje ikke hos SF;;
INGEN;Lamull;L51 Himmelblå;linje ikke hos SF;;
INGEN;Lamull;437 Blå;linje ikke hos SF;;
INGEN;Lamull;L68 Bondeblå;linje ikke hos SF;;
INGEN;Lamull;L26 Gråblå;linje ikke hos SF;;
INGEN;Lamull;L57 Marineblå;linje ikke hos SF;;
INGEN;Fluff;401 Hvit;linje ikke hos SF;;
INGEN;Fluff;425 Beige dots;linje ikke hos SF;;
INGEN;Fluff;402 Lys grå;linje ikke hos SF;;
INGEN;Fluff;403 Grå;linje ikke hos SF;;
INGEN;Fluff;404 Lys beige;linje ikke hos SF;;
INGEN;Fluff;405 Brun;linje ikke hos SF;;
INGEN;Fluff;406 Svart;linje ikke hos SF;;
INGEN;Fluff;407 Lys blå;linje ikke hos SF;;
INGEN;Fluff;408 Kongeblå;linje ikke hos SF;;
INGEN;Fluff;409 Denim;linje ikke hos SF;;
INGEN;Fluff;410 Karibisk blå;linje ikke hos SF;;
INGEN;Fluff;411 Lys lilac;linje ikke hos SF;;
INGEN;Fluff;412 Lavendel;linje ikke hos SF;;
INGEN;Fluff;413 Lys rosa;linje ikke hos SF;;
INGEN;Fluff;414 Flamingo;linje ikke hos SF;;
INGEN;Fluff;415 Fuksia;linje ikke hos SF;;
INGEN;Fluff;416 Mørk rosa;linje ikke hos SF;;
INGEN;Fluff;417 Rød;linje ikke hos SF;;
INGEN;Fluff;418 Honningmelon;linje ikke hos SF;;
INGEN;Fluff;419 Pæregrønn;linje ikke hos SF;;
INGEN;Fluff;420 Teblad;linje ikke hos SF;;
INGEN;Fluff;421 Eplemint;linje ikke hos SF;;
INGEN;Fluff;422 Flaskegrønn;linje ikke hos SF;;
INGEN;Fluff;423 Marine;linje ikke hos SF;;
INGEN;Fluff;424 Lys gul;linje ikke hos SF;;
INGEN;Fluff;426 Pink dots;linje ikke hos SF;;
INGEN;Fluff;427 Blå dots;linje ikke hos SF;;
INGEN;Fluff;428 Lollipop dots;linje ikke hos SF;;
INGEN;Førbi;3001 Hvit;linje ikke hos SF;;
INGEN;Førbi;3002 Beige;linje ikke hos SF;;
INGEN;Førbi;3003 Brun;linje ikke hos SF;;
INGEN;Førbi;3004 Lys grå;linje ikke hos SF;;
INGEN;Førbi;3005 Grå;linje ikke hos SF;;
INGEN;Førbi;3006 Svart;linje ikke hos SF;;
INGEN;Førbi;3007 Kamel;linje ikke hos SF;;
INGEN;Førbi;3008 Lys gråbrun;linje ikke hos SF;;
INGEN;Førbi;3009 Oker;linje ikke hos SF;;
INGEN;Mitu;Natur - SFN10;linje ikke hos SF;;
INGEN;Mitu;1108 Gammelhvit;linje ikke hos SF;;
INGEN;Mitu;0488 Mørk burgunder;linje ikke hos SF;;
INGEN;Mitu;8287 Lys grønn;linje ikke hos SF;;
INGEN;Mitu;6409 Smørgul;linje ikke hos SF;;
INGEN;Mitu;2230 Rustrød;linje ikke hos SF;;
INGEN;Mitu;4941 Lys blå;linje ikke hos SF;;
INGEN;Mitu;0055 Himmelblå;linje ikke hos SF;;
INGEN;Mitu;4967 Jeansblå;linje ikke hos SF;;
INGEN;Mitu;4922 Kongeblå;linje ikke hos SF;;
INGEN;Mitu;6416 Marineblå;linje ikke hos SF;;
INGEN;Mitu;1900 Mørk grønn;linje ikke hos SF;;
INGEN;Mitu;3935 Mosegrønn;linje ikke hos SF;;
INGEN;Mitu;0244 Petrol;linje ikke hos SF;;
INGEN;Mitu;5340 Grønn;linje ikke hos SF;;
INGEN;Mitu;0496 Spiregrønn;linje ikke hos SF;;
INGEN;Mitu;6315 Eplegrønn;linje ikke hos SF;;
INGEN;Mitu;0319 Lys Lime;linje ikke hos SF;;
INGEN;Mitu;8401 Lys rosa;linje ikke hos SF;;
INGEN;Mitu;0063 Gråblå;linje ikke hos SF;;
INGEN;Mitu;0115 Rosa;linje ikke hos SF;;
INGEN;Mitu;0056 Lys lilla;linje ikke hos SF;;
INGEN;Mitu;5090 Lilla;linje ikke hos SF;;
INGEN;Mitu;4932 Rød;linje ikke hos SF;;
INGEN;Mitu;6085 Dyp rød;linje ikke hos SF;;
INGEN;Mitu;0052 Varm gul;linje ikke hos SF;;
INGEN;Fryd;603 Hvit;linje ikke hos SF;;
INGEN;Fryd;604 Natur;linje ikke hos SF;;
INGEN;Fryd;615 Beige melert;linje ikke hos SF;;
INGEN;Fryd;616 Mørk brun melert;linje ikke hos SF;;
INGEN;Fryd;618 Svart;linje ikke hos SF;;
INGEN;Fryd;619 Kamel;linje ikke hos SF;;
INGEN;Fryd;624 Karbisk blå;linje ikke hos SF;;
INGEN;Fryd;627 Skarp grønn;linje ikke hos SF;;
INGEN;Fryd;628 Gul;linje ikke hos SF;;
INGEN;Hygge;2101 Hvit;linje ikke hos SF;;
INGEN;Hygge;2102 Svart;linje ikke hos SF;;
INGEN;Hygge;2103 Lys brun;linje ikke hos SF;;
INGEN;Hygge;2104 Kamel;linje ikke hos SF;;
INGEN;Hygge;2105 Mørk brun;linje ikke hos SF;;
INGEN;Hygge;2106 Lys grå;linje ikke hos SF;;
INGEN;Hygge;2107 Grå;linje ikke hos SF;;
INGEN;Hygge;2108 Rød;linje ikke hos SF;;
INGEN;Hygge;2109 Lys gul;linje ikke hos SF;;
INGEN;Hygge;2110 Lys rosa;linje ikke hos SF;;
INGEN;Hygge;2111 Lys lavendel;linje ikke hos SF;;
INGEN;Hygge;2112 Lys blå;linje ikke hos SF;;
INGEN;Hygge;2113 Mint;linje ikke hos SF;;
INGEN;Hygge;2114 Grønn;linje ikke hos SF;;
INGEN;Babyull lanett;4372 dyp burgunder;farge ikke hos SF;;
INGEN;Babyull lanett;2573 monks robe;farge ikke hos SF;;
INGEN;Babyull lanett;5824 provance blue;farge ikke hos SF;;
INGEN;Hygge Multi;6401 Blå/grå dots;linje ikke hos SF;;
INGEN;Hygge Multi;6403 Grønn/lilla/blå dots;linje ikke hos SF;;
INGEN;Hygge Multi;6404 Oransje/rød/grå dots;linje ikke hos SF;;
INGEN;Hygge Multi;6405 Blå/mint dots;linje ikke hos SF;;
INGEN;Hygge Multi;6406 Grå/rosa dots;linje ikke hos SF;;
INGEN;Pandora;219 Natur;linje ikke hos SF;;
INGEN;Pandora;242 Rødbrun;linje ikke hos SF;;
INGEN;Pandora;241 Kamelbrun;linje ikke hos SF;;
INGEN;Pandora;308 Oker;linje ikke hos SF;;
INGEN;Pandora;328 Aleminium;linje ikke hos SF;;
INGEN;Pandora;286 Beige;linje ikke hos SF;;
INGEN;Pandora;238 Lys beige;linje ikke hos SF;;
INGEN;Pandora;221 Krem;linje ikke hos SF;;
INGEN;Pandora;296 Hvit;linje ikke hos SF;;
INGEN;Pandora;239 Kitt;linje ikke hos SF;;
INGEN;Pandora;210 Lys grå;linje ikke hos SF;;
INGEN;Pandora;305 Stålgrå;linje ikke hos SF;;
INGEN;Pandora;232 Rosa;linje ikke hos SF;;
INGEN;Pandora;222 Mørk gammelrosa;linje ikke hos SF;;
INGEN;Pandora;227 Gml rosa;linje ikke hos SF;;
INGEN;Pandora;288 Dus rosa;linje ikke hos SF;;
INGEN;Pandora;231 Lys rosa;linje ikke hos SF;;
INGEN;Pandora;251 Mørk rosa;linje ikke hos SF;;
INGEN;Pandora;259 Bringebærrød;linje ikke hos SF;;
INGEN;Pandora;314 Rød;linje ikke hos SF;;
INGEN;Pandora;258 Korall;linje ikke hos SF;;
INGEN;Pandora;225 Mørk oransje;linje ikke hos SF;;
INGEN;Pandora;278 orange;linje ikke hos SF;;
INGEN;Pandora;333 Liljegul;linje ikke hos SF;;
INGEN;Pandora;304 Petrol;linje ikke hos SF;;
INGEN;Pandora;339 Turkis;linje ikke hos SF;;
INGEN;Pandora;337 Barnål;linje ikke hos SF;;
INGEN;Pandora;307 Mørk grønn;linje ikke hos SF;;
INGEN;Pandora;309 Skogsgrønn;linje ikke hos SF;;
INGEN;Pandora;224 Grønn;linje ikke hos SF;;
INGEN;Pandora;325 Frossengrønn;linje ikke hos SF;;
INGEN;Pandora;223 Lys kakigrønn;linje ikke hos SF;;
INGEN;Pandora;324 Strå;linje ikke hos SF;;
INGEN;Pandora;201 Lys gul;linje ikke hos SF;;
INGEN;Pandora;237 Lys grålilla;linje ikke hos SF;;
INGEN;Pandora;279 Lilla;linje ikke hos SF;;
INGEN;Pandora;311 Mørk blå;linje ikke hos SF;;
INGEN;Pandora;287 Isblå;linje ikke hos SF;;
INGEN;Pandora;276 Lys gråblå;linje ikke hos SF;;
INGEN;Pandora;340 Frisk blå;linje ikke hos SF;;
INGEN;Pandora;265 Lys blå;linje ikke hos SF;;
INGEN;Pandora;310 Himmelblå;linje ikke hos SF;;
INGEN;Pandora;269 Jeansblå;linje ikke hos SF;;
INGEN;Pandora;272 Klar blå;linje ikke hos SF;;
INGEN;Pandora;312 Midnattsblå;linje ikke hos SF;;
INGEN;Pandora;277 Marine;linje ikke hos SF;;
INGEN;Pandora;338 Antrasitt;linje ikke hos SF;;
INGEN;Pandora;299 Sort;linje ikke hos SF;;
INGEN;Pandora;Brun - UT 234;linje ikke hos SF;;
INGEN;Lace Kid Mohair;901 Koks melert;linje ikke hos SF;;
INGEN;Lace Kid Mohair;903 Lys grå melert;linje ikke hos SF;;
INGEN;Lace Kid Mohair;904 Hvit;linje ikke hos SF;;
INGEN;Lace Kid Mohair;906 Lys beige melert;linje ikke hos SF;;
INGEN;Lace Kid Mohair;907 Beige melert;linje ikke hos SF;;
INGEN;Lace Kid Mohair;920 Indigo melert;linje ikke hos SF;;
INGEN;Lace Kid Mohair;921 Dyp rød;linje ikke hos SF;;
INGEN;Lace Kid Mohair;922 Skarp grønn;linje ikke hos SF;;
INGEN;Lace Kid Mohair;924 Gul;linje ikke hos SF;;
INGEN;Lace Kid Mohair;925 Oransje;linje ikke hos SF;;
INGEN;Lace Kid Mohair;927 Korngul;linje ikke hos SF;;
INGEN;Lace Kid Mohair;928 Bordeaux;linje ikke hos SF;;
INGEN;Pelini;50 Beige;farge ikke hos SF;;
INGEN;Pelini;118 Mørk brun;farge ikke hos SF;;
INGEN;Pelini;861 Gråbrun;farge ikke hos SF;;
INGEN;Pelini;862 Lys grå;farge ikke hos SF;;
INGEN;Pelini;02 Mørk grå;farge ikke hos SF;;
INGEN;Pelini;6409 Smørgul;farge ikke hos SF;;
INGEN;Pelini;749 Lys lime;farge ikke hos SF;;
INGEN;Pelini;6314 Lys grønn;farge ikke hos SF;;
INGEN;Pelini;4801 Grønn;farge ikke hos SF;;
INGEN;Pelini;8422 Sjøgrønn;farge ikke hos SF;;
INGEN;Pelini;7062 Turkis;farge ikke hos SF;;
INGEN;Pelini;357 Himmelblå;farge ikke hos SF;;
INGEN;Pelini;0259 Rød;farge ikke hos SF;;
INGEN;Pelini;4718 Burgunder;farge ikke hos SF;;
INGEN;Pelini;136 Lys lilla;farge ikke hos SF;;
INGEN;Pelini;8126 Blålilla;farge ikke hos SF;;
INGEN;Pelini;3808 Marine;farge ikke hos SF;;
INGEN;Petunia;224 Grønn;farge ikke hos SF;;
INGEN;Petunia;236 Brun;farge ikke hos SF;;
INGEN;Petunia;347 Skogsgrønn;farge ikke hos SF;;
INGEN;Petunia;333 Liljegul;farge ikke hos SF;;
INGEN;Petunia;257 Mørk rød;farge ikke hos SF;;
INGEN;Plum;119 Mørk grå;farge ikke hos SF;;
INGEN;Plum;070 Bondeblå;farge ikke hos SF;;
INGEN;Plum;122 Lys turkis;farge ikke hos SF;;
INGEN;Plum;077 Turkis;farge ikke hos SF;;
INGEN;Plum;194 Havre;farge ikke hos SF;;
INGEN;Plum;177 Aks;farge ikke hos SF;;
INGEN;Plum;022 Sitrongul;farge ikke hos SF;;
INGEN;Plum;184 Rosa Bris;farge ikke hos SF;;
INGEN;Plum;121 Mørk oransje;farge ikke hos SF;;
INGEN;Plum;025 Orange;farge ikke hos SF;;
INGEN;Plum;090 Rød;farge ikke hos SF;;
INGEN;Plum;174 Kyss;farge ikke hos SF;;
INGEN;Puno;388 Kongeblå;farge ikke hos SF;;
INGEN;Puno;7244 Blå puddel;farge ikke hos SF;;
INGEN;Puno;823 Lys petrol;farge ikke hos SF;;
INGEN;Puno;391 Rød;farge ikke hos SF;;
INGEN;Puno;1366 Flamingorosa;farge ikke hos SF;;
INGEN;Puno;1374 Rosa sky;farge ikke hos SF;;
INGEN;Puno;1370 Kitt;farge ikke hos SF;;
INGEN;Puno;330 Sjokolade;farge ikke hos SF;;
INGEN;Puno;332 Kastanje;farge ikke hos SF;;
INGEN;Puno;4818 Turkis;farge ikke hos SF;;
INGEN;Vilje lamullgarn;57456 støvet oliven;linje ikke hos SF;;
INGEN;Vilje lamullgarn;57447 rosa;linje ikke hos SF;;
INGEN;Vilje lamullgarn;57434 lys petrol;linje ikke hos SF;;
INGEN;Vilje lamullgarn;57453 lys koksgrå;linje ikke hos SF;;
INGEN;Vilje lamullgarn;57452 melert mørk brun;linje ikke hos SF;;
INGEN;Vilje lamullgarn;57451 melert mellombrun;linje ikke hos SF;;
INGEN;Vilje lamullgarn;57450 melert lys brun;linje ikke hos SF;;
INGEN;Vilje lamullgarn;57454 lys burgunder;linje ikke hos SF;;
INGEN;Vilje lamullgarn;57449 melert lys beige;linje ikke hos SF;;
INGEN;Vilje lamullgarn;57439 brun;linje ikke hos SF;;
INGEN;Vilje lamullgarn;57448 melert mørk kamel;linje ikke hos SF;;
INGEN;Vilje lamullgarn;57429 lys lilla;linje ikke hos SF;;
INGEN;Vilje lamullgarn;57425 mellomblå;linje ikke hos SF;;
INGEN;Vilje lamullgarn;57441 honning;linje ikke hos SF;;
INGEN;Vilje lamullgarn;57428 lys oransje;linje ikke hos SF;;
INGEN;Vilje lamullgarn;57420 ecru;linje ikke hos SF;;
INGEN;Vilje lamullgarn;57419 burgunder;linje ikke hos SF;;
INGEN;Vilje lamullgarn;57418 dyp mørk grønn;linje ikke hos SF;;
INGEN;Vilje lamullgarn;57417 marineblå;linje ikke hos SF;;
INGEN;Vilje lamullgarn;57408 lys blå;linje ikke hos SF;;
INGEN;Vilje lamullgarn;57409 lys blågrå;linje ikke hos SF;;
INGEN;Vilje lamullgarn;57415 koksgrå;linje ikke hos SF;;
INGEN;Vilje lamullgarn;57416 blek rosa;linje ikke hos SF;;
INGEN;Vilje lamullgarn;57401 lys gul;linje ikke hos SF;;
INGEN;Vilje lamullgarn;57403 mellombrun;linje ikke hos SF;;
INGEN;Vilje lamullgarn;57413 melert lys grå;linje ikke hos SF;;
INGEN;Vilje lamullgarn;57402 beige;linje ikke hos SF;;
INGEN;Vilje lamullgarn;57407 gammelrosa;linje ikke hos SF;;
INGEN;Vilje lamullgarn;57414 svart;linje ikke hos SF;;
INGEN;Vilje lamullgarn;57410 lys grønnturkis;linje ikke hos SF;;
INGEN;Vilje lamullgarn;57411 lys flyblå;linje ikke hos SF;;
INGEN;Vilje lamullgarn;57412 lys grønn;linje ikke hos SF;;
INGEN;Vilje lamullgarn;57405 rødlig oransje;linje ikke hos SF;;
INGEN;Vilje lamullgarn;57406 rød;linje ikke hos SF;;
INGEN;Vilje lamullgarn;57404 oker;linje ikke hos SF;;
INGEN;Vilje lamullgarn;57400 ubleket hvit;linje ikke hos SF;;
INGEN;Anina;1850 Purpur;linje ikke hos SF;;
INGEN;Anina;369 Slightly Purple;linje ikke hos SF;;
INGEN;Anina;249 Cobalt Blue;linje ikke hos SF;;
INGEN;Anina;818 Fisherman Blue (melange);linje ikke hos SF;;
INGEN;Anina;145 Navy Blue;linje ikke hos SF;;
INGEN;Anina;1061 Arctic Blue;linje ikke hos SF;;
INGEN;Anina;819 Raindrop (melange);linje ikke hos SF;;
INGEN;Anina;ice-blue Ice Blue;linje ikke hos SF;;
INGEN;Anina;2169 Blue Haze;linje ikke hos SF;;
INGEN;Anina;808 Aqua Mist (melange);linje ikke hos SF;;
INGEN;Anina;333 Seafoam;linje ikke hos SF;;
INGEN;Anina;240 Reseda;linje ikke hos SF;;
INGEN;Anina;355 Green Tea;linje ikke hos SF;;
INGEN;Anina;332 Warm Olive;linje ikke hos SF;;
INGEN;Anina;374 Lemon Curd;linje ikke hos SF;;
INGEN;Anina;351 Tapenade;linje ikke hos SF;;
INGEN;Anina;366 Sugar Almond;linje ikke hos SF;;
INGEN;Anina;975 Dark Chocolate (melange);linje ikke hos SF;;
INGEN;Anina;973 Nougat (melange);linje ikke hos SF;;
INGEN;Anina;978 Oatmeal (melange);linje ikke hos SF;;
INGEN;Anina;977 Marzipan (melange);linje ikke hos SF;;
INGEN;Anina;101 Natural White;linje ikke hos SF;;
INGEN;Anina;957 Very Light Grey (melange);linje ikke hos SF;;
INGEN;Anina;955 Medium Grey (melange);linje ikke hos SF;;
INGEN;Anina;956 Charcoal (melange);linje ikke hos SF;;
INGEN;Anina;102 Black;linje ikke hos SF;;
INGEN;Paljett;1120 silver spoon;linje ikke hos SF;;
INGEN;Paljett;1121 unicorn twinkle;linje ikke hos SF;;
INGEN;Paljett;2242 gold digger;linje ikke hos SF;;
INGEN;Paljett;3086 espresso sparkle;linje ikke hos SF;;
INGEN;Troll ullgarn;02770 melert mørk brun;linje ikke hos SF;;
INGEN;Troll ullgarn;02769 melert mellombrun;linje ikke hos SF;;
INGEN;Troll ullgarn;02768 melert lys brun;linje ikke hos SF;;
INGEN;Troll ullgarn;02767 melert lys beige;linje ikke hos SF;;
INGEN;Troll ullgarn;02766 sjøgrønn;linje ikke hos SF;;
INGEN;Troll ullgarn;027337 støvet oliven;linje ikke hos SF;;
INGEN;Troll ullgarn;027306 kobberbrun;linje ikke hos SF;;
INGEN;Troll ullgarn;02765 beige;linje ikke hos SF;;
INGEN;Troll ullgarn;02764 halvbleket lys grå;linje ikke hos SF;;
INGEN;Troll ullgarn;02762 mørk blågrå;linje ikke hos SF;;
INGEN;Troll ullgarn;02763 varm rosa;linje ikke hos SF;;
INGEN;Troll ullgarn;02761 dyp mørk grønn;linje ikke hos SF;;
INGEN;Troll ullgarn;027334 petrolgrønn;linje ikke hos SF;;
INGEN;Troll ullgarn;027331 pudderrosa;linje ikke hos SF;;
INGEN;Troll ullgarn;027330 kobberrød;linje ikke hos SF;;
INGEN;Troll ullgarn;027318 lys korall;linje ikke hos SF;;
INGEN;Troll ullgarn;027308 rustrød;linje ikke hos SF;;
INGEN;Troll ullgarn;027303 lys turkis;linje ikke hos SF;;
INGEN;Troll ullgarn;027060 lys blåturkis;linje ikke hos SF;;
INGEN;Troll ullgarn;027040 bleket lime;linje ikke hos SF;;
INGEN;Troll ullgarn;027011 oransje;linje ikke hos SF;;
INGEN;Troll ullgarn;02760 lys blåturkis;linje ikke hos SF;;
INGEN;Troll ullgarn;02758 varm gul;linje ikke hos SF;;
INGEN;Troll ullgarn;02750 lilla;linje ikke hos SF;;
INGEN;Troll ullgarn;02747 blek rosa;linje ikke hos SF;;
INGEN;Troll ullgarn;02756 okergul;linje ikke hos SF;;
INGEN;Troll ullgarn;02754 halvbleket hvit;linje ikke hos SF;;
INGEN;Troll ullgarn;02753 sukkerspinn;linje ikke hos SF;;
INGEN;Troll ullgarn;02749 mørk brun;linje ikke hos SF;;
INGEN;Troll ullgarn;02748 mintgrønn;linje ikke hos SF;;
INGEN;Troll ullgarn;02746 bonderød;linje ikke hos SF;;
INGEN;Troll ullgarn;02745 isblå;linje ikke hos SF;;
INGEN;Troll ullgarn;02744 amethyst;linje ikke hos SF;;
INGEN;Troll ullgarn;02743 blek fersken;linje ikke hos SF;;
INGEN;Troll ullgarn;02742 mørk grå;linje ikke hos SF;;
INGEN;Troll ullgarn;02741 stålgrå;linje ikke hos SF;;
INGEN;Troll ullgarn;02740 bleket lime;linje ikke hos SF;;
INGEN;Troll ullgarn;02716 lys kobberrød;linje ikke hos SF;;
INGEN;Troll ullgarn;02703 lys grå;linje ikke hos SF;;
INGEN;Troll ullgarn;02701 bleket hvit;linje ikke hos SF;;
INGEN;Troll ullgarn;02719 rød;linje ikke hos SF;;
INGEN;Troll ullgarn;02715 brun;linje ikke hos SF;;
INGEN;Troll ullgarn;02714 mørk kamel;linje ikke hos SF;;
INGEN;Troll ullgarn;02713 oker;linje ikke hos SF;;
INGEN;Troll ullgarn;02712 mørk oransje;linje ikke hos SF;;
INGEN;Troll ullgarn;02709 lys gul;linje ikke hos SF;;
INGEN;Troll ullgarn;02708 svart;linje ikke hos SF;;
INGEN;Troll ullgarn;02704 mørk grå;linje ikke hos SF;;
INGEN;Troll ullgarn;02702 ubleket hvit;linje ikke hos SF;;
INGEN;Troll ullgarn;02730 syrlig grønn;linje ikke hos SF;;
INGEN;Troll ullgarn;02729 grønn;linje ikke hos SF;;
INGEN;Troll ullgarn;02722 mørk rødlilla;linje ikke hos SF;;
INGEN;Troll ullgarn;02738 mørk cyklamen;linje ikke hos SF;;
INGEN;Troll ullgarn;02736 dyp rosa;linje ikke hos SF;;
INGEN;Troll ullgarn;02735 eplegrønn;linje ikke hos SF;;
INGEN;Troll ullgarn;02734 lys olivengrønn;linje ikke hos SF;;
INGEN;Troll ullgarn;02733 koksgrå;linje ikke hos SF;;
INGEN;Troll ullgarn;02732 jaktgrønn;linje ikke hos SF;;
INGEN;Troll ullgarn;02728 mosegrønn;linje ikke hos SF;;
INGEN;Troll ullgarn;02727 blåturkis;linje ikke hos SF;;
INGEN;Troll ullgarn;02726 blå;linje ikke hos SF;;
INGEN;Troll ullgarn;02725 lyseblå;linje ikke hos SF;;
INGEN;Troll ullgarn;02724 marineblå;linje ikke hos SF;;
INGEN;Troll ullgarn;02723 petrol;linje ikke hos SF;;
INGEN;Troll ullgarn;02721 lillarosa;linje ikke hos SF;;
INGEN;Ryegarn;500 Hvit;linje ikke hos SF;;
INGEN;Ryegarn;501 Natur;linje ikke hos SF;;
INGEN;Ryegarn;505 Mørk grå melert;linje ikke hos SF;;
INGEN;Ryegarn;536 Svart;linje ikke hos SF;;
INGEN;Ryegarn;575 Mørk gråblå;linje ikke hos SF;;
INGEN;Ryegarn;574 Lys grågrønn;linje ikke hos SF;;
INGEN;Ryegarn;573 Blågrå;linje ikke hos SF;;
INGEN;Ryegarn;572 Grå;linje ikke hos SF;;
INGEN;Ryegarn;596 Lys beige;linje ikke hos SF;;
INGEN;Ryegarn;514 Beige;linje ikke hos SF;;
INGEN;Ryegarn;511 Brun beige;linje ikke hos SF;;
INGEN;Ryegarn;571 Gråbeige;linje ikke hos SF;;
INGEN;Ryegarn;509 Brunt sukker;linje ikke hos SF;;
INGEN;Ryegarn;534 Bleika Terracotta;linje ikke hos SF;;
INGEN;Ryegarn;581 Mørk terracotta;linje ikke hos SF;;
INGEN;Ryegarn;519 Terracotta;linje ikke hos SF;;
INGEN;Ryegarn;599 Brun;linje ikke hos SF;;
INGEN;Ryegarn;533 Mørk brun;linje ikke hos SF;;
INGEN;Ryegarn;560 Lys fersken;linje ikke hos SF;;
INGEN;Ryegarn;561 Fersken;linje ikke hos SF;;
INGEN;Ryegarn;562 Oransje;linje ikke hos SF;;
INGEN;Ryegarn;576 Mørk orange;linje ikke hos SF;;
INGEN;Ryegarn;577 Brent orange;linje ikke hos SF;;
INGEN;Ryegarn;529 Gammelrosa;linje ikke hos SF;;
INGEN;Ryegarn;557 Korallrød;linje ikke hos SF;;
INGEN;Ryegarn;525 Rustorange;linje ikke hos SF;;
INGEN;Ryegarn;522 Gulorange;linje ikke hos SF;;
INGEN;Ryegarn;524 Rød;linje ikke hos SF;;
INGEN;Ryegarn;544 Mørk rød;linje ikke hos SF;;
INGEN;Ryegarn;539 Bringebærrød;linje ikke hos SF;;
INGEN;Ryegarn;12/64 - Rødrosa;linje ikke hos SF;;
INGEN;Ryegarn;545 Mørk rosa;linje ikke hos SF;;
INGEN;Ryegarn;526 Rødlilla;linje ikke hos SF;;
INGEN;Ryegarn;527 Rødlilla;linje ikke hos SF;;
INGEN;Ryegarn;580 Burgunder;linje ikke hos SF;;
INGEN;Ryegarn;515 Strågul;linje ikke hos SF;;
INGEN;Ryegarn;512 Sitrongul;linje ikke hos SF;;
INGEN;Ryegarn;598 Sennepsgul;linje ikke hos SF;;
INGEN;Ryegarn;531 Soleie;linje ikke hos SF;;
INGEN;Ryegarn;546 Mørk sennepsgul;linje ikke hos SF;;
INGEN;Ryegarn;550 Lys gulgrønn;linje ikke hos SF;;
INGEN;Ryegarn;592 Lys jadegrønn;linje ikke hos SF;;
INGEN;Ryegarn;556 Jadegrønn;linje ikke hos SF;;
INGEN;Ryegarn;530 Gråblågrønn;linje ikke hos SF;;
INGEN;Ryegarn;588 Grønn petrol;linje ikke hos SF;;
INGEN;Ryegarn;587 Mørk grønn;linje ikke hos SF;;
INGEN;Ryegarn;558 Lys grønn;linje ikke hos SF;;
INGEN;Ryegarn;593 Lysere grønn;linje ikke hos SF;;
INGEN;Ryegarn;565 Vårgrønn;linje ikke hos SF;;
INGEN;Ryegarn;589 Oliven;linje ikke hos SF;;
INGEN;Ryegarn;595 Mørk blågrønn;linje ikke hos SF;;
INGEN;Ryegarn;532 Grågrønn;linje ikke hos SF;;
INGEN;Ryegarn;579 Gressgrønn;linje ikke hos SF;;
INGEN;Ryegarn;578 Turkis;linje ikke hos SF;;
INGEN;Ryegarn;521 Lys petrol;linje ikke hos SF;;
INGEN;Ryegarn;586 Lys gråblå;linje ikke hos SF;;
INGEN;Ryegarn;518 Gråblå;linje ikke hos SF;;
INGEN;Ryegarn;568 Lys blå;linje ikke hos SF;;
INGEN;Ryegarn;548 Lys blå petrol;linje ikke hos SF;;
INGEN;Ryegarn;547 Bondeblå;linje ikke hos SF;;
INGEN;Ryegarn;584 Petrol;linje ikke hos SF;;
INGEN;Ryegarn;585 Mørk petrol;linje ikke hos SF;;
INGEN;Ryegarn;551 Jeansblå;linje ikke hos SF;;
INGEN;Ryegarn;553 Himmelblå;linje ikke hos SF;;
INGEN;Ryegarn;582 Mørk jeansblå;linje ikke hos SF;;
INGEN;Ryegarn;583 Midnattsblå;linje ikke hos SF;;
INGEN;Ryegarn;567 Mørk blålilla;linje ikke hos SF;;
INGEN;Ryegarn;542 Mørk lilla;linje ikke hos SF;;
INGEN;Ryegarn;594 Grønn;linje ikke hos SF;;
INGEN;Ryegarn;528 Vinrød;linje ikke hos SF;;
INGEN;Lanolin Wool;1401 Natur;linje ikke hos SF;;
INGEN;Lanolin Wool;1404 Svart;linje ikke hos SF;;
INGEN;Lanolin Wool;1405 Sandbeige;linje ikke hos SF;;
INGEN;Lanolin Wool;1408 Marine;linje ikke hos SF;;
INGEN;Lanolin Wool;1418 Vårgrønn;linje ikke hos SF;;
INGEN;Lanolin Wool;1420 Grå melert;linje ikke hos SF;;
INGEN;Lanolin Wool;1421 Lys grå melert;linje ikke hos SF;;
INGEN;Lanolin Wool;1422 Beige melert;linje ikke hos SF;;
INGEN;Lanolin Wool;1423 Brun melert;linje ikke hos SF;;
INGEN;Lanolin Wool;1429 Mørk denim;linje ikke hos SF;;
INGEN;Lanolin Wool;1430 Grågrønn;linje ikke hos SF;;
INGEN;Lanolin Wool;1432 Ubleket hvit;linje ikke hos SF;;
INGEN;Lanolin Wool;1435 Jeansblå;linje ikke hos SF;;
INGEN;Lanolin Wool;1436 Oliven;linje ikke hos SF;;
INGEN;Lanolin Wool;1437 Mørk indigoblå;linje ikke hos SF;;
INGEN;Lanolin Wool;1438 Hvit;linje ikke hos SF;;
INGEN;Lanolin Wool;1439 Solgul;linje ikke hos SF;;
INGEN;Lanolin Wool;1444 Kitt;linje ikke hos SF;;
INGEN;Lanolin Wool;1456 Kamel;linje ikke hos SF;;
INGEN;Lanolin Wool;1457 Honning;linje ikke hos SF;;
INGEN;Lanolin Wool;1460 Lys aqua;linje ikke hos SF;;
INGEN;Lanolin Wool;1461 Pudderblå;linje ikke hos SF;;
INGEN;Lanolin Wool;1463 Lys gul;linje ikke hos SF;;
INGEN;Lanolin Wool;1464 Fuksia;linje ikke hos SF;;
INGEN;Lanolin Wool;1465 Turkis;linje ikke hos SF;;
INGEN;Lanolin Wool;1466 Lavendel;linje ikke hos SF;;
INGEN;Tundra sokkegarn;07589 kobberbrun;linje ikke hos SF;;
INGEN;Tundra sokkegarn;07559 olivenbrun;linje ikke hos SF;;
INGEN;Tundra sokkegarn;07588 kamel;linje ikke hos SF;;
INGEN;Tundra sokkegarn;07554 antrasitt;linje ikke hos SF;;
INGEN;Tundra sokkegarn;07553 støvet gråblå;linje ikke hos SF;;
INGEN;Tundra sokkegarn;07587 mørk brun;linje ikke hos SF;;
INGEN;Tundra sokkegarn;07552 gråhvit;linje ikke hos SF;;
INGEN;Tundra sokkegarn;07511 svart;linje ikke hos SF;;
INGEN;Tundra sokkegarn;07578 marineblå;linje ikke hos SF;;
INGEN;Tundra sokkegarn;07100 ubleket hvit;linje ikke hos SF;;
INGEN;Tundra sokkegarn;07574 lys rustoransje;linje ikke hos SF;;
INGEN;Tundra sokkegarn;07570 mørk olivengrønn;linje ikke hos SF;;
INGEN;Tundra sokkegarn;07590 burgunder;linje ikke hos SF;;
INGEN;Tundra sokkegarn;07568 kobberrød;linje ikke hos SF;;
INGEN;Ask ullgarn;316148 melert mørk brun;linje ikke hos SF;;
INGEN;Ask ullgarn;316147 melert mellombrun;linje ikke hos SF;;
INGEN;Ask ullgarn;316146 melert lys brun;linje ikke hos SF;;
INGEN;Ask ullgarn;316145 melert lys beige;linje ikke hos SF;;
INGEN;Ask ullgarn;316080 grønnlig blå;linje ikke hos SF;;
INGEN;Ask ullgarn;316596 melert terracottarød;linje ikke hos SF;;
INGEN;Ask ullgarn;316533 melert oker;linje ikke hos SF;;
INGEN;Ask ullgarn;316520 melert lys lime;linje ikke hos SF;;
INGEN;Ask ullgarn;316528 melert lys flyblå;linje ikke hos SF;;
INGEN;Ask ullgarn;316527 melert lys grønnturkis;linje ikke hos SF;;
INGEN;Ask ullgarn;316563 melert blålilla;linje ikke hos SF;;
INGEN;Ask ullgarn;316500 melert grålig lavendel;linje ikke hos SF;;
INGEN;Ask ullgarn;316590 melert olivengrønn;linje ikke hos SF;;
INGEN;Ask ullgarn;316588 melert klar eplegrønn;linje ikke hos SF;;
INGEN;Ask ullgarn;316587 melert mintgrønn;linje ikke hos SF;;
INGEN;Ask ullgarn;316584 melert turkis;linje ikke hos SF;;
INGEN;Ask ullgarn;316577 melert lilla;linje ikke hos SF;;
INGEN;Ask ullgarn;316574 melert lys rosa;linje ikke hos SF;;
INGEN;Ask ullgarn;316570 melert oransje;linje ikke hos SF;;
INGEN;Ask ullgarn;316568 melert dyp rosa;linje ikke hos SF;;
INGEN;Ask ullgarn;316550 melert stålgrå;linje ikke hos SF;;
INGEN;Ask ullgarn;316541 melert lys blålilla;linje ikke hos SF;;
INGEN;Ask ullgarn;316503 melert mørk terracotta;linje ikke hos SF;;
INGEN;Ask ullgarn;316502 melert maisgul;linje ikke hos SF;;
INGEN;Ask ullgarn;316143 burgunder;linje ikke hos SF;;
INGEN;Ask ullgarn;316137 mørk blåfiolett;linje ikke hos SF;;
INGEN;Ask ullgarn;316133 oker;linje ikke hos SF;;
INGEN;Ask ullgarn;316132 oransje;linje ikke hos SF;;
INGEN;Ask ullgarn;316131 oransjerød;linje ikke hos SF;;
INGEN;Ask ullgarn;316130 grålig lavendelblå;linje ikke hos SF;;
INGEN;Ask ullgarn;316129 lys gråblå;linje ikke hos SF;;
INGEN;Ask ullgarn;316128 lys flyblå;linje ikke hos SF;;
INGEN;Ask ullgarn;316127 lys grønnturkis;linje ikke hos SF;;
INGEN;Ask ullgarn;316126 isgrønn;linje ikke hos SF;;
INGEN;Ask ullgarn;316125 lys lavendelblå;linje ikke hos SF;;
INGEN;Ask ullgarn;316124 lys lilla;linje ikke hos SF;;
INGEN;Ask ullgarn;316122 gammelrosa;linje ikke hos SF;;
INGEN;Ask ullgarn;316121 rosa;linje ikke hos SF;;
INGEN;Ask ullgarn;316120 lys lime;linje ikke hos SF;;
INGEN;Ask ullgarn;316119 lys gul;linje ikke hos SF;;
INGEN;Ask ullgarn;316118 gul;linje ikke hos SF;;
INGEN;Ask ullgarn;316117 blek fersken;linje ikke hos SF;;
INGEN;Ask ullgarn;316116 lys rosa;linje ikke hos SF;;
INGEN;Ask ullgarn;316573 melert mørk rosa;linje ikke hos SF;;
INGEN;Ask ullgarn;316142 beige;linje ikke hos SF;;
INGEN;Ask ullgarn;316141 brun;linje ikke hos SF;;
INGEN;Ask ullgarn;316140 cognac brun;linje ikke hos SF;;
INGEN;Ask ullgarn;316139 lys burgunderrød;linje ikke hos SF;;
INGEN;Ask ullgarn;316138 mørk lilla;linje ikke hos SF;;
INGEN;Ask ullgarn;316136 mørk flyblå;linje ikke hos SF;;
INGEN;Ask ullgarn;316135 mørk cyklamen (kald);linje ikke hos SF;;
INGEN;Ask ullgarn;316134 fiolett;linje ikke hos SF;;
INGEN;Ask ullgarn;316053 svart;linje ikke hos SF;;
INGEN;Ask ullgarn;316073 støvet mørk rosa;linje ikke hos SF;;
INGEN;Ask ullgarn;316072 mørk burgunder;linje ikke hos SF;;
INGEN;Ask ullgarn;316071 rød (kald);linje ikke hos SF;;
INGEN;Ask ullgarn;316063 blålilla;linje ikke hos SF;;
INGEN;Ask ullgarn;316061 melert mørk grå;linje ikke hos SF;;
INGEN;Ask ullgarn;316057 ubleket hvit;linje ikke hos SF;;
INGEN;Ask ullgarn;316056 koksgrå;linje ikke hos SF;;
INGEN;Ask ullgarn;316055 melert grå;linje ikke hos SF;;
INGEN;Ask ullgarn;316054 melert lys grå;linje ikke hos SF;;
INGEN;Ask ullgarn;316051 mørk grå;linje ikke hos SF;;
INGEN;Ask ullgarn;316052 stålgrå;linje ikke hos SF;;
INGEN;Ask ullgarn;316050 lys blågrå;linje ikke hos SF;;
INGEN;Ask ullgarn;316047 halvbleket hvit;linje ikke hos SF;;
INGEN;Ask ullgarn;316046 bleket hvit;linje ikke hos SF;;
INGEN;Ask ullgarn;316038 marineblå;linje ikke hos SF;;
INGEN;Ask ullgarn;316037 lys bondeblå;linje ikke hos SF;;
INGEN;Ask ullgarn;316036 lys marineblå;linje ikke hos SF;;
INGEN;Ask ullgarn;316034 klar blå;linje ikke hos SF;;
INGEN;Ask ullgarn;316031 blåturkis;linje ikke hos SF;;
INGEN;Ask ullgarn;316029 sjøgrønn;linje ikke hos SF;;
INGEN;Ask ullgarn;316024 mørk ren grønn;linje ikke hos SF;;
INGEN;Ask ullgarn;316023 ren grønn;linje ikke hos SF;;
INGEN;Ask ullgarn;316018 mørk rosa;linje ikke hos SF;;
INGEN;Ask ullgarn;316015 mørk roserød;linje ikke hos SF;;
INGEN;Ask ullgarn;316013 bonderød;linje ikke hos SF;;
INGEN;Ask ullgarn;316010 mørk brun;linje ikke hos SF;;
INGEN;Ask ullgarn;316009 rødbrun;linje ikke hos SF;;
INGEN;Ask ullgarn;316003 mørk terracottarød;linje ikke hos SF;;
INGEN;Ask ullgarn;316113 limegrønn;linje ikke hos SF;;
INGEN;Ask ullgarn;316112 korallrosa;linje ikke hos SF;;
INGEN;Ask ullgarn;316111 mørk korallrød;linje ikke hos SF;;
INGEN;Ask ullgarn;316110 mørk olivengrønn;linje ikke hos SF;;
INGEN;Ask ullgarn;316109 mosegrønn;linje ikke hos SF;;
INGEN;Ask ullgarn;316105 mørk marineblå;linje ikke hos SF;;
INGEN;Ask ullgarn;316104 mørk blågrå;linje ikke hos SF;;
INGEN;Ask ullgarn;316101 lillabeige;linje ikke hos SF;;
INGEN;Ask ullgarn;316099 lillabrun;linje ikke hos SF;;
INGEN;Ask ullgarn;316096 terracottarød;linje ikke hos SF;;
INGEN;Ask ullgarn;316095 cognac;linje ikke hos SF;;
INGEN;Ask ullgarn;316093 gulbrun;linje ikke hos SF;;
INGEN;Ask ullgarn;316092 messinggul;linje ikke hos SF;;
INGEN;Ask ullgarn;316090 olivengrønn;linje ikke hos SF;;
INGEN;Ask ullgarn;316089 jaktgrønn;linje ikke hos SF;;
INGEN;Ask ullgarn;316088 klar eplegrønn;linje ikke hos SF;;
INGEN;Ask ullgarn;316085 mørk blålig grønn;linje ikke hos SF;;
INGEN;Ask ullgarn;316084 turkis;linje ikke hos SF;;
INGEN;Ask ullgarn;316082 bondeblå;linje ikke hos SF;;
INGEN;Tjukk Mohair;003 Myrull;linje ikke hos SF;;
INGEN;Tjukk Mohair;001 Hvitveis;linje ikke hos SF;;
INGEN;Tjukk Mohair;057 Sølvrev;linje ikke hos SF;;
INGEN;Tjukk Mohair;075 Sjøsprøyt;linje ikke hos SF;;
INGEN;Tjukk Mohair;243 Vintermose;linje ikke hos SF;;
INGEN;Tjukk Mohair;149 Kamel;linje ikke hos SF;;
INGEN;Tjukk Mohair;080 Brun;linje ikke hos SF;;
INGEN;Tjukk Mohair;022 Sitrongul;linje ikke hos SF;;
INGEN;Tjukk Mohair;005 Lav;linje ikke hos SF;;
INGEN;Tjukk Mohair;030 Gråpus;linje ikke hos SF;;
INGEN;Tjukk Mohair;194 Havre;linje ikke hos SF;;
INGEN;Tjukk Mohair;086 Spiregrønn;linje ikke hos SF;;
INGEN;Tjukk Mohair;009 Gran;linje ikke hos SF;;
INGEN;Tjukk Mohair;314 Grønn;linje ikke hos SF;;
INGEN;Tjukk Mohair;081 Sot;linje ikke hos SF;;
INGEN;Tjukk Mohair;025 Oransje;linje ikke hos SF;;
INGEN;Tjukk Mohair;189 Dus valmue;linje ikke hos SF;;
INGEN;Tjukk Mohair;175 Pudder;linje ikke hos SF;;
INGEN;Tjukk Mohair;106 Knæsj rosa;linje ikke hos SF;;
INGEN;Tjukk Mohair;184 Rosa bris;linje ikke hos SF;;
INGEN;Tjukk Mohair;110 Lilla;linje ikke hos SF;;
INGEN;Tjukk Mohair;185 Lys syrin;linje ikke hos SF;;
INGEN;Tjukk Mohair;161 Kastanje;linje ikke hos SF;;
INGEN;Tjukk Mohair;366 Burgunder;linje ikke hos SF;;
INGEN;Tjukk Mohair;077 Turkis;linje ikke hos SF;;
INGEN;Tjukk Mohair;091 Blå;linje ikke hos SF;;
INGEN;Tjukk Mohair;153 Polarnatt;linje ikke hos SF;;
INGEN;Tjukk Mohair;071 Himmelblå;linje ikke hos SF;;
INGEN;Tjukk Mohair;174 Kyss;linje ikke hos SF;;
INGEN;Lerke;8123 Gammelrosa;farge ikke hos SF;;
INGEN;Lerke;8148 Plomme;farge ikke hos SF;;
INGEN;Lerke;8151 Sand;farge ikke hos SF;;
INGEN;Lerke;8158 Sjokolade;farge ikke hos SF;;
INGEN;Lerke;8159 Lys lavendel;farge ikke hos SF;;
INGEN;Lerke;8160 Isblå;farge ikke hos SF;;
INGEN;Lerke;8161 Pink;farge ikke hos SF;;
INGEN;Lerke;8162 Gul;farge ikke hos SF;;
INGEN;Lerke;8163 Skarp grønn;farge ikke hos SF;;
INGEN;Lerke;8165 Oransje;farge ikke hos SF;;
INGEN;Lerke;8166 Kitt;farge ikke hos SF;;
INGEN;Lerke;8167 Lys grå;farge ikke hos SF;;
INGEN;Lerke;8171 Muldvarp;farge ikke hos SF;;
INGEN;Lerke;8172 Honningmelon;farge ikke hos SF;;
INGEN;Lerke;8173 Tropisk blå;farge ikke hos SF;;
INGEN;Lerke;8174 Eplemint;farge ikke hos SF;;
INGEN;Lerke;8175 Pæregrønn;farge ikke hos SF;;
INGEN;Lerke;8176 Fuksia;farge ikke hos SF;;
INGEN;Lerke;8177 Lys gul;farge ikke hos SF;;
INGEN;Lerke;8178 Espresso;farge ikke hos SF;;
INGEN;Lerke;8179 Lys blå;farge ikke hos SF;;
INGEN;Lerke;8180 Bordeaux;farge ikke hos SF;;
INGEN;Ask ullgarn (2);316081 lys blå;linje ikke hos SF;;
INGEN;Ask ullgarn (2);316079 gråfiolett;linje ikke hos SF;;
INGEN;Ask ullgarn (2);316077 lilla;linje ikke hos SF;;
INGEN;Ask ullgarn (2);316108 blek rosa;linje ikke hos SF;;
INGEN;Ask ullgarn (2);316107 ecru;linje ikke hos SF;;
INGEN;Ask ullgarn (2);316106 lys varmgrå;linje ikke hos SF;;
INGEN;Ask ullgarn (2);316094 okergul;linje ikke hos SF;;
INGEN;Ask ullgarn (2);316086 blågrønn;linje ikke hos SF;;
INGEN;Varde pelsullgarn;662144 lys koksgrå;linje ikke hos SF;;
INGEN;Varde pelsullgarn;662134 gressgrønn;linje ikke hos SF;;
INGEN;Varde pelsullgarn;662119 gul;linje ikke hos SF;;
INGEN;Varde pelsullgarn;662133 marine;linje ikke hos SF;;
INGEN;Varde pelsullgarn;662132 rød;linje ikke hos SF;;
INGEN;Varde pelsullgarn;662131 burgunderlilla;linje ikke hos SF;;
INGEN;Varde pelsullgarn;662116 mørk brun;linje ikke hos SF;;
INGEN;Varde pelsullgarn;662130 lys turkis;linje ikke hos SF;;
INGEN;Varde pelsullgarn;662115 naturgrå;linje ikke hos SF;;
INGEN;Varde pelsullgarn;662128 grålig lavendelblå;linje ikke hos SF;;
INGEN;Varde pelsullgarn;662114 mørk rosa;linje ikke hos SF;;
INGEN;Varde pelsullgarn;662126 grønn;linje ikke hos SF;;
INGEN;Varde pelsullgarn;662113 lys dongeriblå;linje ikke hos SF;;
INGEN;Varde pelsullgarn;662125 lys marine;linje ikke hos SF;;
INGEN;Varde pelsullgarn;662111 gråfiolett;linje ikke hos SF;;
INGEN;Varde pelsullgarn;662122 rødgul;linje ikke hos SF;;
INGEN;Varde pelsullgarn;662110 rosa;linje ikke hos SF;;
INGEN;Varde pelsullgarn;662109 svart;linje ikke hos SF;;
INGEN;Varde pelsullgarn;662108 oker;linje ikke hos SF;;
INGEN;Varde pelsullgarn;662142 støvet lys lime;linje ikke hos SF;;
INGEN;Varde pelsullgarn;662107 lime;linje ikke hos SF;;
INGEN;Varde pelsullgarn;662141 ren grønn;linje ikke hos SF;;
INGEN;Varde pelsullgarn;662106 turkis;linje ikke hos SF;;
INGEN;Varde pelsullgarn;662135 mellomblå;linje ikke hos SF;;
INGEN;Varde pelsullgarn;662105 petrol;linje ikke hos SF;;
INGEN;Varde pelsullgarn;662140 støvet ismint;linje ikke hos SF;;
INGEN;Varde pelsullgarn;662139 støvet flyblå;linje ikke hos SF;;
INGEN;Varde pelsullgarn;662104 burgunder;linje ikke hos SF;;
INGEN;Varde pelsullgarn;662103 cognac;linje ikke hos SF;;
INGEN;Varde pelsullgarn;662138 rødbrun;linje ikke hos SF;;
INGEN;Varde pelsullgarn;662102 lys brun;linje ikke hos SF;;
INGEN;Varde pelsullgarn;662101 beige;linje ikke hos SF;;
INGEN;Varde pelsullgarn;662118 olivengrønn;linje ikke hos SF;;
INGEN;Varde pelsullgarn;662137 støvet rosa;linje ikke hos SF;;
INGEN;Varde pelsullgarn;662136 lys rødlig beige;linje ikke hos SF;;
INGEN;Arwetta;201 Deep Mahogany;linje ikke hos SF;;
INGEN;Arwetta;245 Bordeaux;linje ikke hos SF;;
INGEN;Arwetta;140 Burgundy;linje ikke hos SF;;
INGEN;Arwetta;139 Deep Red;linje ikke hos SF;;
INGEN;Arwetta;218 Chinese Red;linje ikke hos SF;;
INGEN;Arwetta;138 Geranium Red;linje ikke hos SF;;
INGEN;Arwetta;810 Chrysanthemum (melange);linje ikke hos SF;;
INGEN;Arwetta;252 Chock Orange;linje ikke hos SF;;
INGEN;Arwetta;365 Calendula;linje ikke hos SF;;
INGEN;Arwetta;198 Tangerine;linje ikke hos SF;;
INGEN;Arwetta;254 Coral;linje ikke hos SF;;
INGEN;Arwetta;champagne Champagne;linje ikke hos SF;;
INGEN;Arwetta;coral-sunset Coral Sunset;linje ikke hos SF;;
INGEN;Arwetta;vintage-rose Vintage Rose;linje ikke hos SF;;
INGEN;Arwetta;334 Light Blush;linje ikke hos SF;;
INGEN;Arwetta;361 Madeira Rose;linje ikke hos SF;;
INGEN;Arwetta;253 Power Pink;linje ikke hos SF;;
INGEN;Arwetta;317 Cerise;linje ikke hos SF;;
INGEN;Arwetta;371 Hibiscus;linje ikke hos SF;;
INGEN;Arwetta;bubblegum Bubblegum;linje ikke hos SF;;
INGEN;Arwetta;flamingo Flamingo;linje ikke hos SF;;
INGEN;Arwetta;318 Ballerina;linje ikke hos SF;;
INGEN;Arwetta;278 Delicate Orchid;linje ikke hos SF;;
INGEN;Arwetta;267 Lavender Frost;linje ikke hos SF;;
INGEN;Arwetta;268 Thistle Flower;linje ikke hos SF;;
INGEN;Arwetta;235 Grape Royal;linje ikke hos SF;;
INGEN;Arwetta;807 Boysenberry (melange);linje ikke hos SF;;
INGEN;Arwetta;236 Red Clover;linje ikke hos SF;;
INGEN;Arwetta;142 Periwinkle;linje ikke hos SF;;
INGEN;Arwetta;141 Alaskan Blue;linje ikke hos SF;;
INGEN;Arwetta;340 Ice Blue;linje ikke hos SF;;
INGEN;Arwetta;summer-sky Summer Sky;linje ikke hos SF;;
INGEN;Arwetta;266 Misty Lagoon;linje ikke hos SF;;
INGEN;Arwetta;192 Steel Blue;linje ikke hos SF;;
INGEN;Arwetta;270 Midnight Blue;linje ikke hos SF;;
INGEN;Arwetta;726 Jeans Blue (melange);linje ikke hos SF;;
INGEN;Arwetta;812 Granite (melange);linje ikke hos SF;;
INGEN;Arwetta;195 Blue Nights;linje ikke hos SF;;
INGEN;Arwetta;145 Navy Blue;linje ikke hos SF;;
INGEN;Arwetta;144 Deep Ultramarine;linje ikke hos SF;;
INGEN;Arwetta;679 North Atlantic (melange);linje ikke hos SF;;
INGEN;Arwetta;199 Blue Atoll;linje ikke hos SF;;
INGEN;Arwetta;811 Caribbean Sea (melange);linje ikke hos SF;;
INGEN;Arwetta;202 Teal;linje ikke hos SF;;
INGEN;Arwetta;372 Peacock;linje ikke hos SF;;
INGEN;Arwetta;808 Aqua Mist (melange);linje ikke hos SF;;
INGEN;Arwetta;197 Aqua;linje ikke hos SF;;
INGEN;Arwetta;146 Deep Sea;linje ikke hos SF;;
INGEN;Arwetta;105 Slate Green;linje ikke hos SF;;
INGEN;Arwetta;148 Deep Olive;linje ikke hos SF;;
INGEN;Arwetta;809 Avocado (melange);linje ikke hos SF;;
INGEN;Arwetta;sprout sprout;linje ikke hos SF;;
INGEN;Arwetta;279 Juicy Green;linje ikke hos SF;;
INGEN;Arwetta;250 Disco Green;linje ikke hos SF;;
INGEN;Arwetta;147 Hunter Green;linje ikke hos SF;;
INGEN;Arwetta;243 Basswood Green;linje ikke hos SF;;
INGEN;Arwetta;200 Daffodil;linje ikke hos SF;;
INGEN;Arwetta;251 Electric Yellow;linje ikke hos SF;;
INGEN;Arwetta;255 Limelight;linje ikke hos SF;;
INGEN;Arwetta;196 French Vanilla;linje ikke hos SF;;
INGEN;Arwetta;135 Straw;linje ikke hos SF;;
INGEN;Arwetta;136 Mustard;linje ikke hos SF;;
INGEN;Arwetta;352 Red Squirrel;linje ikke hos SF;;
INGEN;Arwetta;827 Dijon (melange);linje ikke hos SF;;
INGEN;Arwetta;363 Caramel;linje ikke hos SF;;
INGEN;Arwetta;203 Camel;linje ikke hos SF;;
INGEN;Arwetta;971 Sand (melange);linje ikke hos SF;;
INGEN;Arwetta;977 Marzipan (melange);linje ikke hos SF;;
INGEN;Arwetta;978 Oatmeal (melange);linje ikke hos SF;;
INGEN;Arwetta;354 Light Truffle;linje ikke hos SF;;
INGEN;Arwetta;973 Nougat (melange);linje ikke hos SF;;
INGEN;Arwetta;975 Dark Chocolate (melange);linje ikke hos SF;;
INGEN;Arwetta;102 Black;linje ikke hos SF;;
INGEN;Arwetta;956 Charcoal (melange);linje ikke hos SF;;
INGEN;Arwetta;234 Slate;linje ikke hos SF;;
INGEN;Arwetta;955 Medium Grey (melange);linje ikke hos SF;;
INGEN;Arwetta;954 Light Grey (melange);linje ikke hos SF;;
INGEN;Arwetta;957 Very Light Grey (melange);linje ikke hos SF;;
INGEN;Arwetta;winter-grey-melange- Winter Grey (melange);linje ikke hos SF;;
INGEN;Arwetta;990 Ragsock (mouliné);linje ikke hos SF;;
INGEN;Arwetta;101 Natural White;linje ikke hos SF;;
INGEN;Arwetta;100 Snow White;linje ikke hos SF;;
INGEN;Lille Lerke;8123 Gammelrosa;farge ikke hos SF;;
INGEN;Lille Lerke;8158 Sjokolade;farge ikke hos SF;;
INGEN;Lille Lerke;8159 Lys lavendel;farge ikke hos SF;;
INGEN;Lille Lerke;8160 Isblå;farge ikke hos SF;;
INGEN;Lille Lerke;8161 Pink;farge ikke hos SF;;
INGEN;Lille Lerke;8162 Gul;farge ikke hos SF;;
INGEN;Lille Lerke;8165 Oransje;farge ikke hos SF;;
INGEN;Lille Lerke;8166 Kitt;farge ikke hos SF;;
INGEN;Lille Lerke;8167 Lys grå;farge ikke hos SF;;
INGEN;Lille Lerke;8171 Muldvarp;farge ikke hos SF;;
INGEN;Lille Lerke;8172 Honningmelon;farge ikke hos SF;;
INGEN;Lille Lerke;8173 Tropisk blå;farge ikke hos SF;;
INGEN;Lille Lerke;8174 Eplemint;farge ikke hos SF;;
INGEN;Lille Lerke;8175 Pæregrønn;farge ikke hos SF;;
INGEN;Lille Lerke;8176 Fuksia;farge ikke hos SF;;
INGEN;Lille Lerke;8177 Lys gul;farge ikke hos SF;;
INGEN;Lille Lerke;8178 Espresso;farge ikke hos SF;;
INGEN;Lille Lerke;8179 Lys blå;farge ikke hos SF;;
INGEN;Lille Lerke;8180 Bordeaux;farge ikke hos SF;;
INGEN;Lille Lerke;8181 Nougat;farge ikke hos SF;;
INGEN;Perfect;1032 lys graamelert;farge ikke hos SF;;
INGEN;Blåne pelsullgarn;672144 lys koksgrå;linje ikke hos SF;;
INGEN;Blåne pelsullgarn;672142 støvet lys lime;linje ikke hos SF;;
INGEN;Blåne pelsullgarn;672141 ren grønn;linje ikke hos SF;;
INGEN;Blåne pelsullgarn;672140 støvet ismint;linje ikke hos SF;;
INGEN;Blåne pelsullgarn;672139 støvet flyblå;linje ikke hos SF;;
INGEN;Blåne pelsullgarn;672138 rødbrun;linje ikke hos SF;;
INGEN;Blåne pelsullgarn;672137 støvet rosa;linje ikke hos SF;;
INGEN;Blåne pelsullgarn;672119 gul;linje ikke hos SF;;
INGEN;Blåne pelsullgarn;672111 gråfiolett;linje ikke hos SF;;
INGEN;Blåne pelsullgarn;672109 svart;linje ikke hos SF;;
INGEN;Blåne pelsullgarn;672108 oker;linje ikke hos SF;;
INGEN;Blåne pelsullgarn;672107 lime;linje ikke hos SF;;
INGEN;Blåne pelsullgarn;672106 turkis;linje ikke hos SF;;
INGEN;Blåne pelsullgarn;672105 petrol;linje ikke hos SF;;
INGEN;Blåne pelsullgarn;672102 lys brun;linje ikke hos SF;;
INGEN;Blåne pelsullgarn;672104 burgunder;linje ikke hos SF;;
INGEN;Blåne pelsullgarn;672136 lys rødlig beige;linje ikke hos SF;;
INGEN;Blåne pelsullgarn;672135 mellomblå;linje ikke hos SF;;
INGEN;Blåne pelsullgarn;672134 gressgrønn;linje ikke hos SF;;
INGEN;Blåne pelsullgarn;672118 olivengrønn;linje ikke hos SF;;
INGEN;Blåne pelsullgarn;672116 mørk brun;linje ikke hos SF;;
INGEN;Blåne pelsullgarn;672113 lys dongeriblå;linje ikke hos SF;;
INGEN;Blåne pelsullgarn;672128 grålig lavendel;linje ikke hos SF;;
INGEN;Blåne pelsullgarn;672115 naturgrå;linje ikke hos SF;;
INGEN;Blåne pelsullgarn;672132 rød;linje ikke hos SF;;
INGEN;Blåne pelsullgarn;672122 rødgul;linje ikke hos SF;;
INGEN;Blåne pelsullgarn;672130 lys turkis;linje ikke hos SF;;
INGEN;Blåne pelsullgarn;672133 marineblå;linje ikke hos SF;;
INGEN;Blåne pelsullgarn;672125 lys marine;linje ikke hos SF;;
INGEN;Blåne pelsullgarn;672110 rosa;linje ikke hos SF;;
INGEN;Blåne pelsullgarn;672114 mørk rosa;linje ikke hos SF;;
INGEN;Blåne pelsullgarn;672101 beige;linje ikke hos SF;;
INGEN;Blåne pelsullgarn;672103 cognac;linje ikke hos SF;;
INGEN;Blåne pelsullgarn;672126 grønn;linje ikke hos SF;;
INGEN;Blåne pelsullgarn;672131 burgunderlilla;linje ikke hos SF;;
INGEN;Vidde lamullgarn;69337 støvet oliven;linje ikke hos SF;;
INGEN;Vidde lamullgarn;69336 kamel;linje ikke hos SF;;
INGEN;Vidde lamullgarn;69335 oransje;linje ikke hos SF;;
INGEN;Vidde lamullgarn;69334 petrolgrønn;linje ikke hos SF;;
INGEN;Vidde lamullgarn;69338 syrin;linje ikke hos SF;;
INGEN;Vidde lamullgarn;69327 mørk plommerød;linje ikke hos SF;;
INGEN;Vidde lamullgarn;69326 lindegrønn;linje ikke hos SF;;
INGEN;Vidde lamullgarn;69325 lys blå;linje ikke hos SF;;
INGEN;Vidde lamullgarn;69324 blå;linje ikke hos SF;;
INGEN;Vidde lamullgarn;69323 mellombrun;linje ikke hos SF;;
INGEN;Vidde lamullgarn;69314 marineblå;linje ikke hos SF;;
INGEN;Vidde lamullgarn;69322 brun;linje ikke hos SF;;
INGEN;Vidde lamullgarn;69313 rød;linje ikke hos SF;;
INGEN;Vidde lamullgarn;69321 naturgrå;linje ikke hos SF;;
INGEN;Vidde lamullgarn;69312 korall;linje ikke hos SF;;
INGEN;Vidde lamullgarn;69311 olivengrønn;linje ikke hos SF;;
INGEN;Vidde lamullgarn;69320 svart;linje ikke hos SF;;
INGEN;Vidde lamullgarn;69307 gul;linje ikke hos SF;;
INGEN;Vidde lamullgarn;69305 limegrønn;linje ikke hos SF;;
INGEN;Vidde lamullgarn;69316 turkis;linje ikke hos SF;;
INGEN;Vidde lamullgarn;69309 lys rosa;linje ikke hos SF;;
INGEN;Vidde lamullgarn;69306 kobberbrun;linje ikke hos SF;;
INGEN;Vidde lamullgarn;69304 mørk olivengrønn;linje ikke hos SF;;
INGEN;Vidde lamullgarn;69319 koksgrå;linje ikke hos SF;;
INGEN;Vidde lamullgarn;69315 cerise;linje ikke hos SF;;
INGEN;Vidde lamullgarn;69333 lys lindegrønn;linje ikke hos SF;;
INGEN;Vidde lamullgarn;69303 lys turkis;linje ikke hos SF;;
INGEN;Vidde lamullgarn;69302 sjøgrønn;linje ikke hos SF;;
INGEN;Vidde lamullgarn;69301 lys marineblå;linje ikke hos SF;;
INGEN;Vidde lamullgarn;69318 lys korall;linje ikke hos SF;;
INGEN;Vidde lamullgarn;69332 pudder;linje ikke hos SF;;
INGEN;Vidde lamullgarn;69317 beige;linje ikke hos SF;;
INGEN;Vidde lamullgarn;69331 pudderrosa;linje ikke hos SF;;
INGEN;Vidde lamullgarn;69330 kobberrød;linje ikke hos SF;;
INGEN;Vidde lamullgarn;69329 lys oransje;linje ikke hos SF;;
INGEN;Vidde lamullgarn;69328 strågul;linje ikke hos SF;;
INGEN;Mashdale;392 Crumble;linje ikke hos SF;;
INGEN;Mashdale;biscotti Biscotti;linje ikke hos SF;;
INGEN;Mashdale;983 Cafe Noir;linje ikke hos SF;;
INGEN;Mashdale;982 Cocoa;linje ikke hos SF;;
INGEN;Mashdale;981 Driftwood;linje ikke hos SF;;
INGEN;Mashdale;980 Dune;linje ikke hos SF;;
INGEN;Mashdale;960 Stone Grey;linje ikke hos SF;;
INGEN;Mashdale;961 Rain Cloud;linje ikke hos SF;;
INGEN;Mashdale;692 Obsidian;linje ikke hos SF;;
INGEN;Mashdale;399 Cactus Grey;linje ikke hos SF;;
INGEN;Mashdale;386 Olive Noir;linje ikke hos SF;;
INGEN;Mashdale;398 Autumn Fields;linje ikke hos SF;;
INGEN;Mashdale;390 Terracotta;linje ikke hos SF;;
INGEN;Mashdale;225 Christmas Red;linje ikke hos SF;;
INGEN;Mashdale;382 Dark Bordeaux;linje ikke hos SF;;
INGEN;Mashdale;345 Rosewood;linje ikke hos SF;;
INGEN;Mashdale;391 New Dawn;linje ikke hos SF;;
INGEN;Mashdale;wisteria Wisteria;linje ikke hos SF;;
INGEN;Mashdale;394 Morning Blue;linje ikke hos SF;;
INGEN;Mashdale;377 Blue Mist;linje ikke hos SF;;
INGEN;Mashdale;145 Navy Blue;linje ikke hos SF;;
INGEN;Mashdale;337 Bright Cobalt;linje ikke hos SF;;
INGEN;Mashdale;395 Deep Ocean;linje ikke hos SF;;
INGEN;Mashdale;147 Hunter Green;linje ikke hos SF;;
INGEN;Mashdale;210 Sorrel;linje ikke hos SF;;
INGEN;Mashdale;123 Lichen;linje ikke hos SF;;
INGEN;Mashdale;396 Fairy Green;linje ikke hos SF;;
INGEN;Mashdale;397 Wheat;linje ikke hos SF;;
INGEN;Bonde sokkegarn;0556910 kobber (50g) partivare;linje ikke hos SF;;
INGEN;Bonde sokkegarn;0556010 pudderrosa (50g) partivare;linje ikke hos SF;;
INGEN;Bonde sokkegarn;0555910 olivenbrun (50g) partivare;linje ikke hos SF;;
INGEN;Bonde sokkegarn;0554510 lys blågrå (50g) partivare;linje ikke hos SF;;
INGEN;Bonde sokkegarn;0554210 beige (50g) partivare;linje ikke hos SF;;
INGEN;Bonde sokkegarn;0551410 blågrå (50g) partivare;linje ikke hos SF;;
INGEN;Merino 22;2001 Koks melert;linje ikke hos SF;;
INGEN;Merino 22;2002 Grå melert;linje ikke hos SF;;
INGEN;Merino 22;2003 Lys grå melert;linje ikke hos SF;;
INGEN;Merino 22;2004 Hvit;linje ikke hos SF;;
INGEN;Merino 22;2005 Lys beige melert;linje ikke hos SF;;
INGEN;Merino 22;2006 Lys brun melert;linje ikke hos SF;;
INGEN;Merino 22;2008 Varm brun;linje ikke hos SF;;
INGEN;Merino 22;2009 Brent kobber;linje ikke hos SF;;
INGEN;Merino 22;2010 Denim;linje ikke hos SF;;
INGEN;Merino 22;2011 Mørk sjøgrønn;linje ikke hos SF;;
INGEN;Merino 22;2012 Dueblå;linje ikke hos SF;;
INGEN;Merino 22;2013 Jadegrønn;linje ikke hos SF;;
INGEN;Merino 22;2014 Armygrønn;linje ikke hos SF;;
INGEN;Merino 22;2016 Dus rose;linje ikke hos SF;;
INGEN;Merino 22;2018 Vinrød;linje ikke hos SF;;
INGEN;Merino 22;2020 Maisgul;linje ikke hos SF;;
INGEN;Merino 22;2021 Natur;linje ikke hos SF;;
INGEN;Merino 22;2022 Beige pudder;linje ikke hos SF;;
INGEN;Merino 22;2023 Rød;linje ikke hos SF;;
INGEN;Merino 22;2024 Klar blå;linje ikke hos SF;;
INGEN;Merino 22;2025 Svart;linje ikke hos SF;;
INGEN;Merino 22;2026 Marine;linje ikke hos SF;;
INGEN;Merino 22;2027 Lys lavendel;linje ikke hos SF;;
INGEN;Merino 22;2029 Pink;linje ikke hos SF;;
INGEN;Merino 22;2030 Gul;linje ikke hos SF;;
INGEN;Merino 22;2031 Skarp grønn;linje ikke hos SF;;
INGEN;Merino 22;2032 Mintgrønn;linje ikke hos SF;;
INGEN;Merino 22;2033 Pudderrosa;linje ikke hos SF;;
INGEN;Merino 22;2035 Oransje;linje ikke hos SF;;
INGEN;Merino 22;2036 Muldvarp;linje ikke hos SF;;
INGEN;Merino 22;2038 Lys gul;linje ikke hos SF;;
INGEN;Merino 22;2039 Tuttifrutti;linje ikke hos SF;;
INGEN;Merino 22;2040 Gråbeige melert;linje ikke hos SF;;
INGEN;Atlas Petiteknit;2511 almond;linje ikke hos SF;;
INGEN;Atlas Petiteknit;4682 velvet fig;linje ikke hos SF;;
INGEN;Atlas Petiteknit;5591 night sky;linje ikke hos SF;;
INGEN;Atlas Petiteknit;6082 thunderstorm;linje ikke hos SF;;
INGEN;Atlas Petiteknit;6351 september sky;linje ikke hos SF;;
INGEN;Atlas Petiteknit;9564 matcha;linje ikke hos SF;;
INGEN;Atlas Petiteknit;1070 charcoal melange;linje ikke hos SF;;
INGEN;Atlas Petiteknit;1016 milk melange;linje ikke hos SF;;
INGEN;Atlas Petiteknit;2322 harvest moon;linje ikke hos SF;;
INGEN;Atlas Petiteknit;2381 coffee melange;linje ikke hos SF;;
INGEN;Atlas Petiteknit;4523 rosewater melange;linje ikke hos SF;;
INGEN;Atlas Petiteknit;3091 cacao nibs;linje ikke hos SF;;
INGEN;Multi Popkorn;503 Pudderrosa;linje ikke hos SF;;
INGEN;Multi Popkorn;508 Beige;linje ikke hos SF;;
INGEN;Multi Popkorn;509 Kamel;linje ikke hos SF;;
INGEN;Multi Popkorn;510 Safran;linje ikke hos SF;;
INGEN;Multi Popkorn;515 Pink;linje ikke hos SF;;
INGEN;Multi Popkorn;517 Rød;linje ikke hos SF;;
INGEN;Embla ullgarn;326148 melert mørk brun;linje ikke hos SF;;
INGEN;Embla ullgarn;326147 melert mellombrun;linje ikke hos SF;;
INGEN;Embla ullgarn;326146 melert lys brun;linje ikke hos SF;;
INGEN;Embla ullgarn;326144 rødlig oransje;linje ikke hos SF;;
INGEN;Embla ullgarn;326134 lilla;linje ikke hos SF;;
INGEN;Embla ullgarn;326128 lys flyblå;linje ikke hos SF;;
INGEN;Embla ullgarn;326124 lys lilla;linje ikke hos SF;;
INGEN;Embla ullgarn;326118 gul;linje ikke hos SF;;
INGEN;Embla ullgarn;326120 lys lime;linje ikke hos SF;;
INGEN;Embla ullgarn;326119 lys gul;linje ikke hos SF;;
INGEN;Embla ullgarn;326116 lys rosa;linje ikke hos SF;;
INGEN;Embla ullgarn;326107 ecru;linje ikke hos SF;;
INGEN;Embla ullgarn;326104 mørk blågrå;linje ikke hos SF;;
INGEN;Embla ullgarn;326103 melert mørk brun;linje ikke hos SF;;
INGEN;Embla ullgarn;326099 lillabrun;linje ikke hos SF;;
INGEN;Embla ullgarn;326095 cognac;linje ikke hos SF;;
INGEN;Embla ullgarn;326094 okergul;linje ikke hos SF;;
INGEN;Embla ullgarn;326090 olivengrønn;linje ikke hos SF;;
INGEN;Embla ullgarn;326089 jaktgrønn;linje ikke hos SF;;
INGEN;Embla ullgarn;326088 klar eplegrønn;linje ikke hos SF;;
INGEN;Embla ullgarn;326082 bondeblå;linje ikke hos SF;;
INGEN;Embla ullgarn;326072 mørk burgunder;linje ikke hos SF;;
INGEN;Embla ullgarn;326071 rød (kald);linje ikke hos SF;;
INGEN;Embla ullgarn;326061 melert mørk grå;linje ikke hos SF;;
INGEN;Embla ullgarn;326058;linje ikke hos SF;;
INGEN;Embla ullgarn;326057 ubleket hvit;linje ikke hos SF;;
INGEN;Embla ullgarn;326056 koksgrå;linje ikke hos SF;;
INGEN;Embla ullgarn;326055 melert grå;linje ikke hos SF;;
INGEN;Embla ullgarn;326053 svart;linje ikke hos SF;;
INGEN;Embla ullgarn;326051 mørk grå;linje ikke hos SF;;
INGEN;Embla ullgarn;326039 koboltblå;linje ikke hos SF;;
INGEN;Embla ullgarn;326031 blåturkis;linje ikke hos SF;;
INGEN;Embla ullgarn;326023 ren grønn;linje ikke hos SF;;
INGEN;Embla ullgarn;326013 bonderød;linje ikke hos SF;;
INGEN;Merci;617 Margarita;farge ikke hos SF;;
INGEN;Merci;gooseberry Gooseberry;farge ikke hos SF;;
INGEN;Merci;light-summer-sky Light Summer Sky;farge ikke hos SF;;
INGEN;Merci;605 Iris;farge ikke hos SF;;
INGEN;Merci;1055 Blue Violet;farge ikke hos SF;;
INGEN;Merci;cashew Cashew;farge ikke hos SF;;
INGEN;Merci;lead Lead;farge ikke hos SF;;
INGEN;Merci;958 Grey;farge ikke hos SF;;
INGEN;Vams;01 Natur;linje ikke hos SF;;
INGEN;Vams;00 Hvit;linje ikke hos SF;;
INGEN;Vams;03 Lysgrå melert;linje ikke hos SF;;
INGEN;Vams;13 Grå melert;linje ikke hos SF;;
INGEN;Vams;14 Koksgrå melert;linje ikke hos SF;;
INGEN;Vams;36 Svart;linje ikke hos SF;;
INGEN;Vams;06 Beige melert;linje ikke hos SF;;
INGEN;Vams;64 Mørk brun melert;linje ikke hos SF;;
INGEN;Vams;10 Sauesvart;linje ikke hos SF;;
INGEN;Vams;55 Brun;linje ikke hos SF;;
INGEN;Vams;114 Konjakk;linje ikke hos SF;;
INGEN;Vams;112 Tørr rosa;linje ikke hos SF;;
INGEN;Vams;05 Beige;linje ikke hos SF;;
INGEN;Vams;100 Gråbeige;linje ikke hos SF;;
INGEN;Vams;116 Mørk burgunder;linje ikke hos SF;;
INGEN;Vams;18 Høyrød;linje ikke hos SF;;
INGEN;Vams;35 Vinrød;linje ikke hos SF;;
INGEN;Vams;23 Mørk rød;linje ikke hos SF;;
INGEN;Vams;43 Oransje;linje ikke hos SF;;
INGEN;Vams;61 Mørk oransje;linje ikke hos SF;;
INGEN;Vams;113 Melon;linje ikke hos SF;;
INGEN;Vams;25 Gul;linje ikke hos SF;;
INGEN;Vams;26 Sitrongul;linje ikke hos SF;;
INGEN;Vams;46 Sennepsgul;linje ikke hos SF;;
INGEN;Vams;104 Kamelbrun;linje ikke hos SF;;
INGEN;Vams;103 Mørk kamelbrun;linje ikke hos SF;;
INGEN;Vams;63 Kamel;linje ikke hos SF;;
INGEN;Vams;106 Brun;linje ikke hos SF;;
INGEN;Vams;42 Terrakotta;linje ikke hos SF;;
INGEN;Vams;105 Kobberrød;linje ikke hos SF;;
INGEN;Vams;56 Rødrosa;linje ikke hos SF;;
INGEN;Vams;68 Lakserosa;linje ikke hos SF;;
INGEN;Vams;65 Mørk rosa;linje ikke hos SF;;
INGEN;Vams;60 Rosa;linje ikke hos SF;;
INGEN;Vams;66 Lys rosa;linje ikke hos SF;;
INGEN;Vams;101 Lavendel;linje ikke hos SF;;
INGEN;Vams;102 Lys syrin;linje ikke hos SF;;
INGEN;Vams;71 Lys lilla;linje ikke hos SF;;
INGEN;Vams;95 Rødlilla;linje ikke hos SF;;
INGEN;Vams;57 Mørk lilla;linje ikke hos SF;;
INGEN;Vams;12 Mørk rødlilla;linje ikke hos SF;;
INGEN;Vams;58 Mørk gråblå;linje ikke hos SF;;
INGEN;Vams;77 Midnattsblå;linje ikke hos SF;;
INGEN;Vams;09 Marineblå;linje ikke hos SF;;
INGEN;Vams;67 Mørk blå;linje ikke hos SF;;
INGEN;Vams;37 Blå;linje ikke hos SF;;
INGEN;Vams;82 Kornblå;linje ikke hos SF;;
INGEN;Vams;51 Jeansblå;linje ikke hos SF;;
INGEN;Vams;49 Lys blå;linje ikke hos SF;;
INGEN;Vams;50 Lys jeansblå;linje ikke hos SF;;
INGEN;Vams;108 Lys bondeblå;linje ikke hos SF;;
INGEN;Vams;76 Turkis;linje ikke hos SF;;
INGEN;Vams;69 Lys turkis;linje ikke hos SF;;
INGEN;Vams;53 Mørk petrol;linje ikke hos SF;;
INGEN;Vams;47 Petrol;linje ikke hos SF;;
INGEN;Vams;V52 Lys petrol;linje ikke hos SF;;
INGEN;Vams;110 Lys gråblå;linje ikke hos SF;;
INGEN;Vams;107 Jadegrønn;linje ikke hos SF;;
INGEN;Vams;80 Eplegrønn;linje ikke hos SF;;
INGEN;Vams;45 Signalgrønn;linje ikke hos SF;;
INGEN;Vams;115 Salvie;linje ikke hos SF;;
INGEN;Vams;89 Kakigrønn;linje ikke hos SF;;
INGEN;Vams;87 Skogsgrønn;linje ikke hos SF;;
INGEN;Vams;86 Mosegrønn;linje ikke hos SF;;
INGEN;Vams;111 Mørk grønn;linje ikke hos SF;;
INGEN;Vams;109 Dyp grønn;linje ikke hos SF;;
INGEN;Vams;417 Mørk sjokolade melert;linje ikke hos SF;;
INGEN;Vams;418 Lun kobber melert;linje ikke hos SF;;
INGEN;Vams;413 Kongle melert;linje ikke hos SF;;
INGEN;Vams;415 Drivved melert;linje ikke hos SF;;
INGEN;Vams;416 Bark melert;linje ikke hos SF;;
INGEN;Vams;309 Hassel melert;linje ikke hos SF;;
INGEN;Vams;308 Nude melert;linje ikke hos SF;;
INGEN;Vams;302 Lys rosa melert;linje ikke hos SF;;
INGEN;Vams;311 Fersken melert;linje ikke hos SF;;
INGEN;Vams;305 Vårluft melert;linje ikke hos SF;;
INGEN;Vams;300 Lys lilla melert;linje ikke hos SF;;
INGEN;Vams;402 Lilla melert;linje ikke hos SF;;
INGEN;Vams;404 Mørk Petrol melert;linje ikke hos SF;;
INGEN;Vams;405 Petrol melert;linje ikke hos SF;;
INGEN;Vams;301 Lys blå melert;linje ikke hos SF;;
INGEN;Vams;412 Mørk gråmint melert;linje ikke hos SF;;
INGEN;Vams;303 Mintgrønn melert;linje ikke hos SF;;
INGEN;Vams;306 Reinlav melert;linje ikke hos SF;;
INGEN;Vams;400 Rød melert;linje ikke hos SF;;
INGEN;Vams;401 Rustrød melert;linje ikke hos SF;;
INGEN;Vams;312 Multe melert;linje ikke hos SF;;
INGEN;Vams;307 Myr melert;linje ikke hos SF;;
INGEN;Vams;414 Skogbunn melert;linje ikke hos SF;;
INGEN;Vams;406 Mosegrønn melert;linje ikke hos SF;;
INGEN;Vams;304 Gul melert;linje ikke hos SF;;
INGEN;Vams;403 Grønn melert;linje ikke hos SF;;
INGEN;Vams;407 Gran melert;linje ikke hos SF;;
INGEN;Paia;unicorn-shimmer Unicorn Shimmer;farge ikke hos SF;;
INGEN;Paia;711 Night Sky Shimmer;farge ikke hos SF;;
INGEN;Paia;emerald-shimmer Emerald Shimmer;farge ikke hos SF;;
INGEN;Fjære Sokkegarn;06585 melert mellombrun;linje ikke hos SF;;
INGEN;Fjære Sokkegarn;06584 melert lys brun;linje ikke hos SF;;
INGEN;Fjære Sokkegarn;06586 melert mørk brun;linje ikke hos SF;;
INGEN;Fjære Sokkegarn;06559 olivenbrun;linje ikke hos SF;;
INGEN;Fjære Sokkegarn;06558 støvet gulgrønn;linje ikke hos SF;;
INGEN;Fjære Sokkegarn;06557 lys lindegrønn;linje ikke hos SF;;
INGEN;Fjære Sokkegarn;06556 salvie;linje ikke hos SF;;
INGEN;Fjære Sokkegarn;06555 grålig petrol;linje ikke hos SF;;
INGEN;Fjære Sokkegarn;06554 antrasitt;linje ikke hos SF;;
INGEN;Fjære Sokkegarn;06553 støvet gråblå;linje ikke hos SF;;
INGEN;Fjære Sokkegarn;06552 gråhvit;linje ikke hos SF;;
INGEN;Fjære Sokkegarn;06100 ubleket hvit;linje ikke hos SF;;
INGEN;Fjære Sokkegarn;06568 kobberrød;linje ikke hos SF;;
INGEN;Fjære Sokkegarn;06567 rødlig oransje;linje ikke hos SF;;
INGEN;Fjære Sokkegarn;06566 ferskengul;linje ikke hos SF;;
INGEN;Fjære Sokkegarn;06565 karamell;linje ikke hos SF;;
INGEN;Fjære Sokkegarn;06564 korngul;linje ikke hos SF;;
INGEN;Fjære Sokkegarn;06563 lys gul;linje ikke hos SF;;
INGEN;Fjære Sokkegarn;06562 lys lilla;linje ikke hos SF;;
INGEN;Fjære Sokkegarn;06561 mørk pudderrosa;linje ikke hos SF;;
INGEN;Fjære Sokkegarn;06560 pudderrosa;linje ikke hos SF;;
INGEN;Alpakka Forte;734 Brun;farge ikke hos SF;;
INGEN;Alpakka Forte;735 Muldvarp;farge ikke hos SF;;
INGEN;Alpakka Forte;737 Grangrønn;farge ikke hos SF;;
INGEN;Alpakka Forte;739 Dyp rød;farge ikke hos SF;;
INGEN;Alpakka Forte;741 Kitt;farge ikke hos SF;;
INGEN;Alpakka Forte;742 Nøttebrun;farge ikke hos SF;;
INGEN;Alpakka Forte;743 Lys rosa;farge ikke hos SF;;
INGEN;Alpakka Forte;745 Lilac;farge ikke hos SF;;
INGEN;Alpakka Forte;746 Kongeblå;farge ikke hos SF;;
INGEN;Alpakka Forte;747 Lys gul;farge ikke hos SF;;
INGEN;Alpakka Forte;749 Purpur;farge ikke hos SF;;
INGEN;Alpakka Forte;750 Teblad;farge ikke hos SF;;
INGEN;Alpakka Forte;751 Flamingo;farge ikke hos SF;;
INGEN;Alpakka Forte;752 Turkis;farge ikke hos SF;;
INGEN;Alpakka Forte;753 Bordeaux;farge ikke hos SF;;
INGEN;Peer Gynt PetiteKnit;2381 coffee melange;farge ikke hos SF;;
INGEN;Alpakka Tweed;136 Safrangul;farge ikke hos SF;;
INGEN;Alpakka Følgetråd;2573 monks robe;farge ikke hos SF;;
INGEN;Alpakka Følgetråd;8753 vineyard green;farge ikke hos SF;;
INGEN;Poppy;9563 dark moss green;farge ikke hos SF;;
INGEN;Blackout in Bangkok;2003 Beige;linje ikke hos SF;;
INGEN;Blackout in Bangkok;2004 Camel;linje ikke hos SF;;
INGEN;Blackout in Bangkok;2005 Charcoal;linje ikke hos SF;;
INGEN;Blackout in Bangkok;2006 Black;linje ikke hos SF;;
INGEN;Blackout in Bangkok;2007 Deep red;linje ikke hos SF;;
INGEN;Blackout in Bangkok;2008 Ice blue;linje ikke hos SF;;
INGEN;Blackout in Bangkok;2009 Royal blue;linje ikke hos SF;;
INGEN;Blackout in Bangkok;2010 Apple mint;linje ikke hos SF;;
INGEN;Blackout in Bangkok;2011 Matcha green;linje ikke hos SF;;
INGEN;Blackout in Bangkok;2012 Fuchsia;linje ikke hos SF;;
INGEN;Blackout in Bangkok;2013 Honey dew;linje ikke hos SF;;
INGEN;Blackout in Bangkok;2014 Caribbean blue;linje ikke hos SF;;
INGEN;Blackout in Bangkok;2015 Lavender;linje ikke hos SF;;
INGEN;Blackout in Bangkok;2016 Neon pink;linje ikke hos SF;;
INGEN;Blackout in Bangkok;2017 Neon yellow;linje ikke hos SF;;
INGEN;Blackout in Bangkok;2018 Neon green;linje ikke hos SF;;
INGEN;Blackout in Bangkok;2019 Purpur/Mint/Yellow print;linje ikke hos SF;;
INGEN;Blackout in Bangkok;2020 Pastel print;linje ikke hos SF;;
INGEN;Blackout in Bangkok;2021 Blue/Lavender/Green print;linje ikke hos SF;;
INGEN;Blackout in Bangkok;2022 Pink/Lavender print;linje ikke hos SF;;
INGEN;Blackout in Bangkok;2023 Grey print;linje ikke hos SF;;
INGEN;Blackout in Bangkok;2024 Beige print;linje ikke hos SF;;
INGEN;Blackout in Bangkok;2025 Pink/Red/Green print;linje ikke hos SF;;
INGEN;Blackout in Bangkok;2026 Red/Purpur print;linje ikke hos SF;;
INGEN;Fjell sokkegarn;04586 melert mørk brun;linje ikke hos SF;;
INGEN;Fjell sokkegarn;04585 melert mellombrun;linje ikke hos SF;;
INGEN;Fjell sokkegarn;04584 melert lys brun;linje ikke hos SF;;
INGEN;Fjell sokkegarn;04582 kobber/grå molinert;linje ikke hos SF;;
INGEN;Fjell sokkegarn;04576 khaki/grå molinert;linje ikke hos SF;;
INGEN;Fjell sokkegarn;04581 lys blågrå/svart molinert;linje ikke hos SF;;
INGEN;Fjell sokkegarn;04574 lys rustoransje;linje ikke hos SF;;
INGEN;Fjell sokkegarn;04580 blågrå/svart molinert;linje ikke hos SF;;
INGEN;Fjell sokkegarn;04559 olivenbrun;linje ikke hos SF;;
INGEN;Fjell sokkegarn;04579 pudderrosa/grå molinert;linje ikke hos SF;;
INGEN;Fjell sokkegarn;04554 antrasitt;linje ikke hos SF;;
INGEN;Fjell sokkegarn;04583 karamell/grå molinert;linje ikke hos SF;;
INGEN;Fjell sokkegarn;04575 lys lime;linje ikke hos SF;;
INGEN;Fjell sokkegarn;04570 mørk olivengrønn;linje ikke hos SF;;
INGEN;Fjell sokkegarn;04569 kobber;linje ikke hos SF;;
INGEN;Fjell sokkegarn;04564 korngul;linje ikke hos SF;;
INGEN;Fjell sokkegarn;04560 pudderrosa;linje ikke hos SF;;
INGEN;Fjell sokkegarn;04578 marineblå;linje ikke hos SF;;
INGEN;Fjell sokkegarn;04577 lys blågrå/grå molinert;linje ikke hos SF;;
INGEN;Fjell sokkegarn;04551 ubleket hvit/svart molinert;linje ikke hos SF;;
INGEN;Fjell sokkegarn;04547 lys grønnturkis/grå molinert;linje ikke hos SF;;
INGEN;Fjell sokkegarn;04545 lys blågrå;linje ikke hos SF;;
INGEN;Fjell sokkegarn;04542 beige;linje ikke hos SF;;
INGEN;Fjell sokkegarn;04130 mørk grå;linje ikke hos SF;;
INGEN;Fjell sokkegarn;04115 mellomgrå;linje ikke hos SF;;
INGEN;Fjell sokkegarn;04110 lys grå;linje ikke hos SF;;
INGEN;Fjell sokkegarn;04100 ubleket hvit;linje ikke hos SF;;
INGEN;Fjell sokkegarn;04514 blågrå;linje ikke hos SF;;
INGEN;Fjell sokkegarn;04513 bonderød;linje ikke hos SF;;
INGEN;Fjell sokkegarn;04511 svart;linje ikke hos SF;;
INGEN;Fjell sokkegarn;04501 hvit/grå molinert;linje ikke hos SF;;
INGEN;Cooking in Cairo;502 Black;linje ikke hos SF;;
INGEN;Cooking in Cairo;503 Grey melange;linje ikke hos SF;;
INGEN;Cooking in Cairo;505 Powder;linje ikke hos SF;;
INGEN;Cooking in Cairo;506 Pampas;linje ikke hos SF;;
INGEN;Cooking in Cairo;507 Caramel;linje ikke hos SF;;
INGEN;Cooking in Cairo;508 Peony pink;linje ikke hos SF;;
INGEN;Cooking in Cairo;509 Conch shell;linje ikke hos SF;;
INGEN;Cooking in Cairo;510 Corn yellow;linje ikke hos SF;;
INGEN;Cooking in Cairo;511 Moss;linje ikke hos SF;;
INGEN;Cooking in Cairo;512 Green leaf;linje ikke hos SF;;
INGEN;Cooking in Cairo;513 Light blue;linje ikke hos SF;;
INGEN;Cooking in Cairo;514 Stone blue;linje ikke hos SF;;
INGEN;Cooking in Cairo;515 Navy blue;linje ikke hos SF;;
INGEN;Cooking in Cairo;516 Pink;linje ikke hos SF;;
INGEN;Cooking in Cairo;517 Orange;linje ikke hos SF;;
INGEN;Cooking in Cairo;518 Red;linje ikke hos SF;;
INGEN;Cooking in Cairo;519 Yellow;linje ikke hos SF;;
INGEN;Cooking in Cairo;520 Matcha green;linje ikke hos SF;;
INGEN;Cooking in Cairo;521 Apple mint;linje ikke hos SF;;
INGEN;Cooking in Cairo;522 Turquoise;linje ikke hos SF;;
INGEN;Cooking in Cairo;523 Light lavender;linje ikke hos SF;;
INGEN;Cooking in Cairo;524 Charcoal;linje ikke hos SF;;
INGEN;Cooking in Cairo;525 Brown;linje ikke hos SF;;
INGEN;Pernilla;387 Pistachio Mist;farge ikke hos SF;;
INGEN;Pernilla;olive-noir Olive Noir;farge ikke hos SF;;
INGEN;Pernilla;toffee Toffee;farge ikke hos SF;;
INGEN;Pernilla;dark-bordeaux Dark Bordeaux;farge ikke hos SF;;
INGEN;Pernilla;821 Macaron (melange);farge ikke hos SF;;
INGEN;Pernilla;820 Isabella (melange);farge ikke hos SF;;
INGEN;Pernilla;champagne Champagne;farge ikke hos SF;;
INGEN;Pernilla;buttercup Buttercup;farge ikke hos SF;;
INGEN;Pernilla;sorrel Sorrel;farge ikke hos SF;;
INGEN;Pernilla;359 Spruce Green;farge ikke hos SF;;
INGEN;Pernilla;823 Juniper (melange);farge ikke hos SF;;
INGEN;Pernilla;gasoline Gasoline;farge ikke hos SF;;
INGEN;Pernilla;blue-mist Blue Mist;farge ikke hos SF;;
INGEN;Pernilla;bright-cobalt Bright Cobalt;farge ikke hos SF;;
INGEN;Pernilla;955 Medium Grey (melange);farge ikke hos SF;;
INGEN;Pernilla;deep-mahogany Deep Mahogany;farge ikke hos SF;;
INGEN;Alpakka Wool;549 Nøttebrun;farge ikke hos SF;;
INGEN;Alpakka Wool;550 Kamel;farge ikke hos SF;;
INGEN;Alpakka Wool;551 Gammelrosa;farge ikke hos SF;;
INGEN;Alpakka Wool;552 Muldvarp;farge ikke hos SF;;
INGEN;Alpakka Wool;553 Honning;farge ikke hos SF;;
INGEN;Alpakka Wool;554 Kitt;farge ikke hos SF;;
INGEN;Alpakka Wool;555 Rosa kamel;farge ikke hos SF;;
INGEN;Alpakka Wool;556 Pudderrosa;farge ikke hos SF;;
INGEN;Alpakka Wool;557 Pudderblå;farge ikke hos SF;;
INGEN;Alpakka Wool;558 Gul;farge ikke hos SF;;
INGEN;Alpakka Wool;559 Karibisk blå;farge ikke hos SF;;
INGEN;Alpakka Wool;560 Lys gul;farge ikke hos SF;;
INGEN;Alpakka Wool;561 Lys lilac;farge ikke hos SF;;
INGEN;Alpakka Wool;562 Pink;farge ikke hos SF;;
INGEN;Alpakka Wool;563 Tropisk blå;farge ikke hos SF;;
INGEN;Alpakka Wool;564 Klar rød;farge ikke hos SF;;
INGEN;Alpakka Wool;565 Grå/kamel print;farge ikke hos SF;;
INGEN;Alpakka Wool;566 Natur/brun/rød/safran print;farge ikke hos SF;;
INGEN;Alpakka Wool;567 Natur/rosa print;farge ikke hos SF;;
INGEN;Alpakka Wool;568 Sand/rosa print;farge ikke hos SF;;
INGEN;Alpakka Wool;569 Hvit/neon print;farge ikke hos SF;;
INGEN;Alpakka Wool;570 Hvit/blå print;farge ikke hos SF;;
INGEN;Alpakka Wool;571 Oransje;farge ikke hos SF;;
INGEN;Alpakka Wool;572 Rødlilla;farge ikke hos SF;;
INGEN;Alpakka Wool;573 Purpur;farge ikke hos SF;;
INGEN;Alpakka Wool;574 Bordeaux;farge ikke hos SF;;
INGEN;Alpakka Wool;575 Lyng;farge ikke hos SF;;
INGEN;Alpakka Wool;576 Flamingo;farge ikke hos SF;;
INGEN;Alpakka Wool;577 Antikkgrå melert;farge ikke hos SF;;
INGEN;Alpakka Wool;578 Kongeblå;farge ikke hos SF;;
INGEN;Alpakka Wool;579 Latte;farge ikke hos SF;;
INGEN;Alpakka Wool;580 Skogsgrønn melert;farge ikke hos SF;;
INGEN;Alpakka Wool;581 Skarp grønn;farge ikke hos SF;;
INGEN;Alpakka Wool;582 Teblad;farge ikke hos SF;;
INGEN;Alpakka Wool;583 Pæregrønn;farge ikke hos SF;;
INGEN;Alpakka Wool;584 Grønn;farge ikke hos SF;;
INGEN;Fjord sokkegarn;03586 melert mørk brun;linje ikke hos SF;;
INGEN;Fjord sokkegarn;03585 melert mellombrun;linje ikke hos SF;;
INGEN;Fjord sokkegarn;03584 melert lys brun;linje ikke hos SF;;
INGEN;Fjord sokkegarn;03559 olivenbrun;linje ikke hos SF;;
INGEN;Fjord sokkegarn;03572 rosa;linje ikke hos SF;;
INGEN;Fjord sokkegarn;03558 støvet gulgrønn;linje ikke hos SF;;
INGEN;Fjord sokkegarn;03564 korngul;linje ikke hos SF;;
INGEN;Fjord sokkegarn;03571 lys salvie;linje ikke hos SF;;
INGEN;Fjord sokkegarn;03563 lys gul;linje ikke hos SF;;
INGEN;Fjord sokkegarn;03556 salvie;linje ikke hos SF;;
INGEN;Fjord sokkegarn;03570 mørk olivengrønn;linje ikke hos SF;;
INGEN;Fjord sokkegarn;03562 lys lilla;linje ikke hos SF;;
INGEN;Fjord sokkegarn;03555 grålig petrol;linje ikke hos SF;;
INGEN;Fjord sokkegarn;03569 kobber;linje ikke hos SF;;
INGEN;Fjord sokkegarn;03560 pudderrosa;linje ikke hos SF;;
INGEN;Fjord sokkegarn;03554 antrasitt;linje ikke hos SF;;
INGEN;Fjord sokkegarn;03575 lys lime;linje ikke hos SF;;
INGEN;Fjord sokkegarn;03574 lys rustoransje;linje ikke hos SF;;
INGEN;Fjord sokkegarn;03568 kobberrød;linje ikke hos SF;;
INGEN;Fjord sokkegarn;03573 mørk plommerød;linje ikke hos SF;;
INGEN;Fjord sokkegarn;03567 rødlig oransje;linje ikke hos SF;;
INGEN;Fjord sokkegarn;03546 lys grønnturkis;linje ikke hos SF;;
INGEN;Fjord sokkegarn;03545 lys blågrå;linje ikke hos SF;;
INGEN;Fjord sokkegarn;03541 brun;linje ikke hos SF;;
INGEN;Fjord sokkegarn;03542 beige;linje ikke hos SF;;
INGEN;Fjord sokkegarn;03518 kobolt blå;linje ikke hos SF;;
INGEN;Fjord sokkegarn;03514 blågrå;linje ikke hos SF;;
INGEN;Fjord sokkegarn;03110 lys grå;linje ikke hos SF;;
INGEN;Fjord sokkegarn;03130 mørk grå;linje ikke hos SF;;
INGEN;Fjord sokkegarn;03521 dyp rosa;linje ikke hos SF;;
INGEN;Fjord sokkegarn;03511 svart;linje ikke hos SF;;
INGEN;Fjord sokkegarn;03504 bleket hvit;linje ikke hos SF;;
INGEN;Fjord sokkegarn;03100 ubleket hvit;linje ikke hos SF;;
INGEN;Fjord sokkegarn;03115 mellomgrå;linje ikke hos SF;;
INGEN;Fjord sokkegarn;03513 bonderød;linje ikke hos SF;;
INGEN;Caness;2501 Fruity Honey;linje ikke hos SF;;
INGEN;Caness;2502 Pink Splash;linje ikke hos SF;;
INGEN;Caness;2503 Sunshine;linje ikke hos SF;;
INGEN;Caness;2504 Caribbean Kiwi;linje ikke hos SF;;
INGEN;Caness;2505 Blue Purple;linje ikke hos SF;;
INGEN;Caness;2506 Ocean Breeze;linje ikke hos SF;;
INGEN;Caness;2507 Desert Heat;linje ikke hos SF;;
INGEN;Caness;2508 Stormy Clouds;linje ikke hos SF;;
INGEN;Caness;2509 Raspberry Beret;linje ikke hos SF;;
INGEN;Caness;2510 Bordeaux Blush;linje ikke hos SF;;
INGEN;Caness;2511 Autumn Leaves;linje ikke hos SF;;
INGEN;Cotton Alpakka;201 Natur;linje ikke hos SF;;
INGEN;Cotton Alpakka;202 Natur/grå mix;linje ikke hos SF;;
INGEN;Cotton Alpakka;203 Brun;linje ikke hos SF;;
INGEN;Cotton Alpakka;204 Rosa/lilla mix;linje ikke hos SF;;
INGEN;Cotton Alpakka;205 Grå;linje ikke hos SF;;
INGEN;Cotton Alpakka;206 Mørk blå;linje ikke hos SF;;
INGEN;Cotton Alpakka;207 Blå;linje ikke hos SF;;
INGEN;Cotton Alpakka;208 Jadegrønn;linje ikke hos SF;;
INGEN;Cotton Alpakka;209 Lys blå;linje ikke hos SF;;
INGEN;Cotton Alpakka;210 Mint;linje ikke hos SF;;
INGEN;Hjerte kamgarn superwash;62966 svart;linje ikke hos SF;;
INGEN;Hjerte kamgarn superwash;62965 mørk grå;linje ikke hos SF;;
INGEN;Hjerte kamgarn superwash;62964 stålgrå;linje ikke hos SF;;
INGEN;Hjerte kamgarn superwash;62963 ubleket hvit;linje ikke hos SF;;
INGEN;Hjerte kamgarn superwash;62962 beige;linje ikke hos SF;;
INGEN;Hjerte kamgarn superwash;62960 halvbleket hvit;linje ikke hos SF;;
INGEN;Hjerte kamgarn superwash;62956 brunlig gammelrosa;linje ikke hos SF;;
INGEN;Hjerte kamgarn superwash;62955 lys sjokoladebrun;linje ikke hos SF;;
INGEN;Hjerte kamgarn superwash;62951 cognac;linje ikke hos SF;;
INGEN;Hjerte kamgarn superwash;62950 okergul;linje ikke hos SF;;
INGEN;Hjerte kamgarn superwash;62945 olivengrønn;linje ikke hos SF;;
INGEN;Hjerte kamgarn superwash;62942 mørk ren grønn;linje ikke hos SF;;
INGEN;Hjerte kamgarn superwash;62935 sjøgrønn;linje ikke hos SF;;
INGEN;Hjerte kamgarn superwash;62934 bondeblå;linje ikke hos SF;;
INGEN;Hjerte kamgarn superwash;62933 lys bondeblå;linje ikke hos SF;;
INGEN;Hjerte kamgarn superwash;62932 varm lyseblå;linje ikke hos SF;;
INGEN;Hjerte kamgarn superwash;62931 lys marineblå;linje ikke hos SF;;
INGEN;Hjerte kamgarn superwash;62924 kongeblå;linje ikke hos SF;;
INGEN;Hjerte kamgarn superwash;62910 støvet mørk rosa;linje ikke hos SF;;
INGEN;Hjerte kamgarn superwash;62909 mørk roserød;linje ikke hos SF;;
INGEN;Hjerte kamgarn superwash;62907 rød (kald);linje ikke hos SF;;
INGEN;Hjerte kamgarn superwash;62901 klar ren gul;linje ikke hos SF;;
INGEN;Alpaca Silk;811 Natur;linje ikke hos SF;;
INGEN;Alpaca Silk;2325 Svart;linje ikke hos SF;;
INGEN;Alpaca Silk;2343 Aubergine;linje ikke hos SF;;
INGEN;Alpaca Silk;2317 Kald brun;linje ikke hos SF;;
INGEN;Alpaca Silk;422 Mørk brun;linje ikke hos SF;;
INGEN;Alpaca Silk;2225 Lys brun;linje ikke hos SF;;
INGEN;Alpaca Silk;1314 Lys beige;linje ikke hos SF;;
INGEN;Alpaca Silk;4077 Sand;linje ikke hos SF;;
INGEN;Alpaca Silk;1315 Beige;linje ikke hos SF;;
INGEN;Alpaca Silk;1310 Lys grå;linje ikke hos SF;;
INGEN;Alpaca Silk;1360 Gråbrun;linje ikke hos SF;;
INGEN;Alpaca Silk;1311 Grå;linje ikke hos SF;;
INGEN;Alpaca Silk;2312 Mørk grå;linje ikke hos SF;;
INGEN;Alpaca Silk;8367 Pistasje;linje ikke hos SF;;
INGEN;Alpaca Silk;0324 Jadegrønn;linje ikke hos SF;;
INGEN;Alpaca Silk;8369 Kakigrønn;linje ikke hos SF;;
INGEN;Alpaca Silk;5339 Grønn;linje ikke hos SF;;
INGEN;Alpaca Silk;0961 Mørk grønn;linje ikke hos SF;;
INGEN;Alpaca Silk;2385 Flaskegrønn;linje ikke hos SF;;
INGEN;Alpaca Silk;2331 Mosegrønn;linje ikke hos SF;;
INGEN;Alpaca Silk;5594 Marine;linje ikke hos SF;;
INGEN;Alpaca Silk;2329 Marine;linje ikke hos SF;;
INGEN;Alpaca Silk;467 Kongeblå;linje ikke hos SF;;
INGEN;Alpaca Silk;1340 Gråblå;linje ikke hos SF;;
INGEN;Alpaca Silk;1389 Himmelblå;linje ikke hos SF;;
INGEN;Alpaca Silk;5114 Lys blå;linje ikke hos SF;;
INGEN;Alpaca Silk;7244 Blå puddel;linje ikke hos SF;;
INGEN;Alpaca Silk;1354 Oransje;linje ikke hos SF;;
INGEN;Alpaca Silk;1365 Rød;linje ikke hos SF;;
INGEN;Alpaca Silk;0956 Liljegul;linje ikke hos SF;;
INGEN;Alpaca Silk;6409 Lys strågul;linje ikke hos SF;;
INGEN;Alpaca Silk;1362 Gul;linje ikke hos SF;;
INGEN;Alpaca Silk;1338 Gammelrosa;linje ikke hos SF;;
INGEN;Alpaca Silk;0608 Dus rosa;linje ikke hos SF;;
INGEN;Alpaca Silk;1357 Lys rosa;linje ikke hos SF;;
INGEN;Alpaca Silk;1366 Flamingorosa;linje ikke hos SF;;
INGEN;Alpaca Silk;5279 Cerise;linje ikke hos SF;;
INGEN;Alpaca Silk;1358 Lys lilla;linje ikke hos SF;;
INGEN;Alpaca Silk;5769 Lys lilla;linje ikke hos SF;;
INGEN;Atlas;1099 svart;linje ikke hos SF;;
INGEN;Atlas;2573 monks robe;linje ikke hos SF;;
INGEN;Atlas;5575 marine;linje ikke hos SF;;
INGEN;Atlas;1012 natur;linje ikke hos SF;;
INGEN;Atlas;5824 provance blue;linje ikke hos SF;;
INGEN;Atlas;4219 true red;linje ikke hos SF;;
INGEN;Atlas;4202 lotus;linje ikke hos SF;;
INGEN;Atlas;1021 lys gramelert;linje ikke hos SF;;
INGEN;Atlas;1042 gramelert;linje ikke hos SF;;
INGEN;Atlas;1055 mork gramelert;linje ikke hos SF;;
INGEN;Atlas;3591 mork brunmelert;linje ikke hos SF;;
INGEN;Atlas;9072 mork gronnmelert;linje ikke hos SF;;
INGEN;Atlas;2001 butter yellow;linje ikke hos SF;;
INGEN;Atlas;2641 naturmelert;linje ikke hos SF;;
INGEN;Atlas;2650 grabeige melert;linje ikke hos SF;;
INGEN;Atlas;3021 lys beigemelert;linje ikke hos SF;;
INGEN;Peruvian;pistachio-mist Pistachio Mist;linje ikke hos SF;;
INGEN;Peruvian;383 Champagne;linje ikke hos SF;;
INGEN;Peruvian;388 Toffee;linje ikke hos SF;;
INGEN;Peruvian;386 Olive Noir;linje ikke hos SF;;
INGEN;Peruvian;284 Kumquat;linje ikke hos SF;;
INGEN;Peruvian;254 Coral;linje ikke hos SF;;
INGEN;Peruvian;215 Carrot;linje ikke hos SF;;
INGEN;Peruvian;256 Tile;linje ikke hos SF;;
INGEN;Peruvian;803 Rust (melange);linje ikke hos SF;;
INGEN;Peruvian;832 Burnt Sienna (melange);linje ikke hos SF;;
INGEN;Peruvian;225 Christmas Red;linje ikke hos SF;;
INGEN;Peruvian;345 Rosewood;linje ikke hos SF;;
INGEN;Peruvian;334 Light Blush;linje ikke hos SF;;
INGEN;Peruvian;227 Old Rose;linje ikke hos SF;;
INGEN;Peruvian;313 Bubblegum;linje ikke hos SF;;
INGEN;Peruvian;318 Ballerina;linje ikke hos SF;;
INGEN;Peruvian;flamingo Flamingo;linje ikke hos SF;;
INGEN;Peruvian;283 Calypso;linje ikke hos SF;;
INGEN;Peruvian;218 Chinese Red;linje ikke hos SF;;
INGEN;Peruvian;360 Azalea;linje ikke hos SF;;
INGEN;Peruvian;804 Merlot (melange);linje ikke hos SF;;
INGEN;Peruvian;382 Dark Bordeaux;linje ikke hos SF;;
INGEN;Peruvian;222 Plum;linje ikke hos SF;;
INGEN;Peruvian;344 Lilac Fog;linje ikke hos SF;;
INGEN;Peruvian;815 Lavender Grey (melange);linje ikke hos SF;;
INGEN;Peruvian;369 Slightly Purple;linje ikke hos SF;;
INGEN;Peruvian;258 Lilac;linje ikke hos SF;;
INGEN;Peruvian;259 Lavender;linje ikke hos SF;;
INGEN;Peruvian;235 Grape Royal;linje ikke hos SF;;
INGEN;Peruvian;145 Navy Blue;linje ikke hos SF;;
INGEN;Peruvian;270 Midnight Blue;linje ikke hos SF;;
INGEN;Peruvian;818 Fisherman Blue (melange);linje ikke hos SF;;
INGEN;Peruvian;bright-cobalt Bright Cobalt;linje ikke hos SF;;
INGEN;Peruvian;249 Cobalt Blue;linje ikke hos SF;;
INGEN;Peruvian;202 Teal;linje ikke hos SF;;
INGEN;Peruvian;814 Storm Blue (melange);linje ikke hos SF;;
INGEN;Peruvian;228 Smoke Blue;linje ikke hos SF;;
INGEN;Peruvian;141 Alaskan Blue;linje ikke hos SF;;
INGEN;Peruvian;281 Rime Frost;linje ikke hos SF;;
INGEN;Peruvian;333 Seafoam;linje ikke hos SF;;
INGEN;Peruvian;eucalyptus Eucalyptus;linje ikke hos SF;;
INGEN;Peruvian;801 Sea Green (melange);linje ikke hos SF;;
INGEN;Peruvian;147 Hunter Green;linje ikke hos SF;;
INGEN;Peruvian;emerald Emerald;linje ikke hos SF;;
INGEN;Peruvian;279 Juicy Green;linje ikke hos SF;;
INGEN;Peruvian;269 Toxic;linje ikke hos SF;;
INGEN;Peruvian;sprout Sprout;linje ikke hos SF;;
INGEN;Peruvian;809 Avocado (melange);linje ikke hos SF;;
INGEN;Peruvian;221 Thyme;linje ikke hos SF;;
INGEN;Peruvian;355 Green Tea;linje ikke hos SF;;
INGEN;Peruvian;196 French Vanilla;linje ikke hos SF;;
INGEN;Peruvian;136 Mustard;linje ikke hos SF;;
INGEN;Peruvian;255 Limelight;linje ikke hos SF;;
INGEN;Peruvian;223 Sunflower;linje ikke hos SF;;
INGEN;Peruvian;827 Dijon (melange);linje ikke hos SF;;
INGEN;Peruvian;352 Red Squirrel;linje ikke hos SF;;
INGEN;Peruvian;817 Cinnamon (melange);linje ikke hos SF;;
INGEN;Peruvian;356 Woodland Dawn;linje ikke hos SF;;
INGEN;Peruvian;203 Camel;linje ikke hos SF;;
INGEN;Peruvian;364 Chai;linje ikke hos SF;;
INGEN;Peruvian;977 Marzipan (melange);linje ikke hos SF;;
INGEN;Peruvian;978 Oatmeal (melange);linje ikke hos SF;;
INGEN;Peruvian;282 Bark;linje ikke hos SF;;
INGEN;Peruvian;973 Nougat (melange);linje ikke hos SF;;
INGEN;Peruvian;241 Chestnut;linje ikke hos SF;;
INGEN;Peruvian;975 Dark Chocolate (melange);linje ikke hos SF;;
INGEN;Peruvian;102 Black;linje ikke hos SF;;
INGEN;Peruvian;956 Charcoal (melange);linje ikke hos SF;;
INGEN;Peruvian;219 Antracite;linje ikke hos SF;;
INGEN;Peruvian;833 Limpopo (melange);linje ikke hos SF;;
INGEN;Peruvian;955 Medium Grey (melange);linje ikke hos SF;;
INGEN;Peruvian;812 Granite (melange);linje ikke hos SF;;
INGEN;Peruvian;954 Light Grey (melange);linje ikke hos SF;;
INGEN;Peruvian;957 Very Light Grey (melange);linje ikke hos SF;;
INGEN;Peruvian;winter-grey-melange- Winter Grey (melange);linje ikke hos SF;;
INGEN;Peruvian;100 Snow White;linje ikke hos SF;;
INGEN;Peruvian;101 Natural White;linje ikke hos SF;;
INGEN;Huldra kamgarn (hesper);448096 lys brun (100 g hesper);linje ikke hos SF;;
INGEN;Huldra kamgarn (hesper);448073 mørk grå (100 g hesper);linje ikke hos SF;;
INGEN;Huldra kamgarn (hesper);448038 mørk rødbrun (100 g hesper);linje ikke hos SF;;
INGEN;Huldra kamgarn (hesper);448102 lys gråblå (100 g hesper);linje ikke hos SF;;
INGEN;Huldra kamgarn (hesper);448103 lys oliven(100 g hesper);linje ikke hos SF;;
INGEN;Huldra kamgarn (hesper);448093 rødbrun (100 g hesper);linje ikke hos SF;;
INGEN;Huldra kamgarn (hesper);448092 messinggul (100 g hesper);linje ikke hos SF;;
INGEN;Huldra kamgarn (hesper);448060 kongeblå (100 g hesper);linje ikke hos SF;;
INGEN;Huldra kamgarn (hesper);448035 rødgylden beige (100 g hesper);linje ikke hos SF;;
INGEN;Huldra kamgarn (hesper);448034 cognac (100 g hesper);linje ikke hos SF;;
INGEN;Huldra kamgarn (hesper);448026 ubleket hvit (100 g hesper);linje ikke hos SF;;
INGEN;Huldra kamgarn (hesper);448090 jaktgrønn (100 g hesper);linje ikke hos SF;;
INGEN;Huldra kamgarn (hesper);448069 dempet grågrønn (100 g hesper);linje ikke hos SF;;
INGEN;Huldra kamgarn (hesper);448068 blek eplegrønn (100 g hesper);linje ikke hos SF;;
INGEN;Huldra kamgarn (hesper);448105 blek rosa (100 g hesper);linje ikke hos SF;;
INGEN;Huldra kamgarn (hesper);448070 lys grønngrå (100 g hesper);linje ikke hos SF;;
INGEN;Huldra kamgarn (hesper);448046 lys rødlig beige (100 g hesper);linje ikke hos SF;;
INGEN;Huldra kamgarn (hesper);448045 mørk gammelrosa (100 g hesper);linje ikke hos SF;;
INGEN;Huldra kamgarn (hesper);448028 lys lavendel (100 g hesper);linje ikke hos SF;;
INGEN;Huldra kamgarn (hesper);448022 mørk blålig grønn (100 g hesper);linje ikke hos SF;;
INGEN;Huldra kamgarn (hesper);448011 lys burgunderrød (100 g hesper);linje ikke hos SF;;
INGEN;Huldra kamgarn (hesper);448095 lys bondeblå (100 g hesper);linje ikke hos SF;;
INGEN;Huldra kamgarn (hesper);448108 lys oransjerød (100 g hesper);linje ikke hos SF;;
INGEN;Huldra kamgarn (hesper);448018 varm lyseblå (100 g hesper);linje ikke hos SF;;
INGEN;Huldra kamgarn (hesper);448019 turkisblå (100 g hesper);linje ikke hos SF;;
INGEN;Huldra kamgarn (hesper);448104 lys turkisblå (100 g hesper);linje ikke hos SF;;
INGEN;Huldra kamgarn (hesper);448112 mørk brun (100 g hesper);linje ikke hos SF;;
INGEN;Huldra kamgarn (hesper);448109 vinrød (100 g hesper);linje ikke hos SF;;
INGEN;Huldra kamgarn (hesper);448107 okergul (100 g hesper);linje ikke hos SF;;
INGEN;Huldra kamgarn (hesper);448106 ecru (100 g hesper);linje ikke hos SF;;
INGEN;Huldra kamgarn (hesper);448097 brun (100 g hesper);linje ikke hos SF;;
INGEN;Huldra kamgarn (hesper);448085 lys gammelrosa (100 g hesper);linje ikke hos SF;;
INGEN;Huldra kamgarn (hesper);448072 lys rødlig grå (100 g hesper);linje ikke hos SF;;
INGEN;Huldra kamgarn (hesper);448037 beige (100 g hesper);linje ikke hos SF;;
INGEN;Huldra kamgarn (hesper);448030 svart (100 g hesper);linje ikke hos SF;;
INGEN;Huldra kamgarn (hesper);448014 marineblå (100 g hesper);linje ikke hos SF;;
INGEN;Huldra kamgarn (hesper);448013 mørk rødlilla (100 g hesper);linje ikke hos SF;;
INGEN;Alpakka Lin;11466 Tweed Lys beige;farge ikke hos SF;;
INGEN;Alpakka Lin;18166 Tweed Natur;farge ikke hos SF;;
INGEN;Alpakka Lin;16066 Tweed Varm grå;farge ikke hos SF;;
INGEN;Alpakka Lin;21266 Tweed Mørk grå;farge ikke hos SF;;
INGEN;Alpakka Lin;21798 Tweed Mørk brun;farge ikke hos SF;;
INGEN;Alpakka Lin;1353 Mintgrønn;farge ikke hos SF;;
INGEN;Alpakka Lin;1398 Kremgul;farge ikke hos SF;;
INGEN;Alpakka Lin;Flamingorosa- 1366;farge ikke hos SF;;
INGEN;Alpakka Lin;1365 Rød;farge ikke hos SF;;
INGEN;Alpakka Lin;1374 Rosa sky;farge ikke hos SF;;
INGEN;Faerytale;766 Turkis melert;farge ikke hos SF;;
INGEN;Faerytale;769 Olivengrønn melert;farge ikke hos SF;;
INGEN;Faerytale;790 Varm rosa;farge ikke hos SF;;
INGEN;Faerytale;800 Kanel;farge ikke hos SF;;
INGEN;Faerytale;802 Skarp grønn;farge ikke hos SF;;
INGEN;Faerytale;803 Pæregrønn;farge ikke hos SF;;
INGEN;Faerytale;804 Purpur;farge ikke hos SF;;
INGEN;Faerytale;805 Lilac;farge ikke hos SF;;
INGEN;Faerytale;806 Oransje;farge ikke hos SF;;
INGEN;Faerytale;808 Turkis;farge ikke hos SF;;
INGEN;Faerytale;809 Latte;farge ikke hos SF;;
INGEN;Faerytale;810 Kitt;farge ikke hos SF;;
INGEN;Faerytale;811 Lys lilac;farge ikke hos SF;;
INGEN;Faerytale;812 Gul;farge ikke hos SF;;
INGEN;Faerytale;813 Pink;farge ikke hos SF;;
INGEN;Faerytale;814 Hvit tweed;farge ikke hos SF;;
INGEN;Faerytale;815 Latte tweed;farge ikke hos SF;;
INGEN;Faerytale;816 Lys gråbrun melert tweed;farge ikke hos SF;;
INGEN;Faerytale;817 Mørk gråbrun melert tweed;farge ikke hos SF;;
INGEN;Faerytale;818 Lys grå melert tweed;farge ikke hos SF;;
INGEN;Faerytale;819 Lys gul;farge ikke hos SF;;
INGEN;Faerytale;820 Karibisk blå;farge ikke hos SF;;
INGEN;Isager Aran Tweed;75AT42126;linje ikke hos SF;;
INGEN;Isager Aran Tweed;75AT42116;linje ikke hos SF;;
INGEN;Isager Aran Tweed;75AT42106;linje ikke hos SF;;
INGEN;Isager Aran Tweed;75AT42086;linje ikke hos SF;;
INGEN;Isager Aran Tweed;75AT42076;linje ikke hos SF;;
INGEN;Isager Aran Tweed;75AT42066;linje ikke hos SF;;
INGEN;Isager Aran Tweed;75AT42056;linje ikke hos SF;;
INGEN;Isager Aran Tweed;75AT42046;linje ikke hos SF;;
INGEN;Isager Aran Tweed;75AT42036;linje ikke hos SF;;
INGEN;Isager Aran Tweed;75AT42026;linje ikke hos SF;;
INGEN;Isager Aran Tweed;75AT42016;linje ikke hos SF;;
INGEN;Isager Aran Tweed;75AT2096;linje ikke hos SF;;
INGEN;Isager Hør Organic;75HO38156;linje ikke hos SF;;
INGEN;Isager Hør Organic;75HO38146;linje ikke hos SF;;
INGEN;Isager Hør Organic;75HO38136;linje ikke hos SF;;
INGEN;Isager Hør Organic;75HO38126;linje ikke hos SF;;
INGEN;Isager Hør Organic;75HO38116;linje ikke hos SF;;
INGEN;Isager Hør Organic;75HO38106;linje ikke hos SF;;
INGEN;Pus;4050 Nougat;farge ikke hos SF;;
INGEN;Pus;4055 Skarp grønn;farge ikke hos SF;;
INGEN;Pus;4056 Pæregrønn;farge ikke hos SF;;
INGEN;Pus;4057 Turkis;farge ikke hos SF;;
INGEN;Pus;4058 Kongeblå;farge ikke hos SF;;
INGEN;Pus;4059 Oransje;farge ikke hos SF;;
INGEN;Pus;4060 Purpur;farge ikke hos SF;;
INGEN;Pus;4061 Pink;farge ikke hos SF;;
INGEN;Pus;4062 Lilac;farge ikke hos SF;;
INGEN;Pus;4064 Lys beige melert;farge ikke hos SF;;
INGEN;Pus;4066 Fuksia;farge ikke hos SF;;
INGEN;Pus;4067 Flaskegrønn;farge ikke hos SF;;
INGEN;Pus;4068 Klar rød;farge ikke hos SF;;
INGEN;Pus;4069 Brun;farge ikke hos SF;;
INGEN;Saga;115 Captain Blue;farge ikke hos SF;;
INGEN;Saga;212 Navy Blue;farge ikke hos SF;;
INGEN;Saga;249 Cobalt Blue;farge ikke hos SF;;
INGEN;Saga;116 Forget Me Not;farge ikke hos SF;;
INGEN;Saga;periwinkel Periwinkel;farge ikke hos SF;;
INGEN;Saga;228 Smoke Blue;farge ikke hos SF;;
INGEN;Saga;231 Delphinium Blue;farge ikke hos SF;;
INGEN;Saga;summer-sky Summer Sky;farge ikke hos SF;;
INGEN;Saga;301 Hoarfrost;farge ikke hos SF;;
INGEN;Saga;353 Freesia;farge ikke hos SF;;
INGEN;Saga;259 Lavender;farge ikke hos SF;;
INGEN;Saga;131 Dragon Fruit;farge ikke hos SF;;
INGEN;Saga;118 Fandango;farge ikke hos SF;;
INGEN;Saga;vintage-rose Vintage Rose;farge ikke hos SF;;
INGEN;Saga;light-blush Light Blush;farge ikke hos SF;;
INGEN;Saga;302 Ballet Slipper;farge ikke hos SF;;
INGEN;Saga;117 Rose Petal;farge ikke hos SF;;
INGEN;Saga;247 Heather Blossom;farge ikke hos SF;;
INGEN;Saga;130 Marsala;farge ikke hos SF;;
INGEN;Saga;213 Fuchsia;farge ikke hos SF;;
INGEN;Saga;121 Port;farge ikke hos SF;;
INGEN;Saga;120 Carmine;farge ikke hos SF;;
INGEN;Saga;264 Lingonberry;farge ikke hos SF;;
INGEN;Saga;254 Coral;farge ikke hos SF;;
INGEN;Saga;335 Peach Blossom;farge ikke hos SF;;
INGEN;Saga;277 Cayenne;farge ikke hos SF;;
INGEN;Saga;111 Pumpkin;farge ikke hos SF;;
INGEN;Saga;russet Russet;farge ikke hos SF;;
INGEN;Saga;366 Sugar Almond;farge ikke hos SF;;
INGEN;Saga;311 Turmeric;farge ikke hos SF;;
INGEN;Saga;211 Banana;farge ikke hos SF;;
INGEN;Saga;196 French Vanilla;farge ikke hos SF;;
INGEN;Saga;303 Sea Glass;farge ikke hos SF;;
INGEN;Saga;257 Mint;farge ikke hos SF;;
INGEN;Saga;129 Dark Viridian;farge ikke hos SF;;
INGEN;Saga;207 Gasoline;farge ikke hos SF;;
INGEN;Saga;vibrant Vibrant;farge ikke hos SF;;
INGEN;Saga;124 Reseda;farge ikke hos SF;;
INGEN;Saga;123 Lichen;farge ikke hos SF;;
INGEN;Saga;105 Slate Green;farge ikke hos SF;;
INGEN;Saga;209 Nori;farge ikke hos SF;;
INGEN;Saga;210 Sorrel;farge ikke hos SF;;
INGEN;Saga;127 Bamboo;farge ikke hos SF;;
INGEN;Saga;101 Natural White;farge ikke hos SF;;
INGEN;Saga;364 Chai;farge ikke hos SF;;
INGEN;Saga;978 Oatmeal (melange);farge ikke hos SF;;
INGEN;Saga;truffle Truffle;farge ikke hos SF;;
INGEN;Saga;973 Nougat (melange);farge ikke hos SF;;
INGEN;Saga;262 Java;farge ikke hos SF;;
INGEN;Saga;103 Reed;farge ikke hos SF;;
INGEN;Saga;953 Charcoal (melange);farge ikke hos SF;;
INGEN;Saga;102 Black;farge ikke hos SF;;
INGEN;Saga;122 Rock;farge ikke hos SF;;
INGEN;Saga;952 Medium Grey (melange);farge ikke hos SF;;
INGEN;Saga;951 Light Grey (melange);farge ikke hos SF;;
INGEN;Saga;950 Winter Grey (melange);farge ikke hos SF;;
INGEN;Isager Silk Mohair;7514;linje ikke hos SF;;
INGEN;Isager Silk Mohair;7558;linje ikke hos SF;;
INGEN;Isager Silk Mohair;754;linje ikke hos SF;;
INGEN;Isager Silk Mohair;7527;linje ikke hos SF;;
INGEN;Isager Silk Mohair;75101;linje ikke hos SF;;
INGEN;Isager Silk Mohair;7519;linje ikke hos SF;;
INGEN;Isager Silk Mohair;752;linje ikke hos SF;;
INGEN;Isager Silk Mohair;7530;linje ikke hos SF;;
INGEN;Isager Silk Mohair;7528;linje ikke hos SF;;
INGEN;Isager Silk Mohair;7522;linje ikke hos SF;;
INGEN;Isager Silk Mohair;7534;linje ikke hos SF;;
INGEN;Isager Silk Mohair;7533;linje ikke hos SF;;
INGEN;Isager Silk Mohair;7532;linje ikke hos SF;;
INGEN;Isager Silk Mohair;7537;linje ikke hos SF;;
INGEN;Isager Silk Mohair;7536;linje ikke hos SF;;
INGEN;Isager Silk Mohair;753S;linje ikke hos SF;;
INGEN;Isager Silk Mohair;7544;linje ikke hos SF;;
INGEN;Isager Silk Mohair;7541;linje ikke hos SF;;
INGEN;Isager Silk Mohair;7557;linje ikke hos SF;;
INGEN;Isager Silk Mohair;7556;linje ikke hos SF;;
INGEN;Isager Silk Mohair;7547;linje ikke hos SF;;
INGEN;Isager Silk Mohair;7562;linje ikke hos SF;;
INGEN;Isager Silk Mohair;7560;linje ikke hos SF;;
INGEN;Isager Silk Mohair;756;linje ikke hos SF;;
INGEN;Isager Silk Mohair;7566;linje ikke hos SF;;
INGEN;Isager Silk Mohair;7564;linje ikke hos SF;;
INGEN;Isager Silk Mohair;7563;linje ikke hos SF;;
INGEN;Isager Silk Mohair;7569;linje ikke hos SF;;
INGEN;Isager Silk Mohair;7568;linje ikke hos SF;;
INGEN;Isager Silk Mohair;7567;linje ikke hos SF;;
INGEN;Isager Silk Mohair;7565;linje ikke hos SF;;
INGEN;Isager Silk Mohair;7554;linje ikke hos SF;;
INGEN;Isager Silk Mohair;7516;linje ikke hos SF;;
INGEN;Isager Silk Mohair;7511;linje ikke hos SF;;
INGEN;Isager Silk Mohair;752S;linje ikke hos SF;;
INGEN;Isager Silk Mohair;75E0;linje ikke hos SF;;
